id,run,engine,commit,quantization,class,case,context_tokens,input_tokens,fresh_input_tokens,cached_input_tokens,output_tokens,prefill_tps,decode_tps,first_frame_s,first_answer_s,wall_s,quality_accepted,natural_stop,finish,repeat,recorded_samples,run_status,threads,cpu_moe,batch,ubatch,kv_k,kv_v,expert_cache_slots,mtp_draft_max,load_mode,thinking,cache_kind,missing_configuration_match
M0001,context176-262144-cpu48-q8-u2048-20261005,thecodacus,27c54b4bbcefadedcec6397477cc2e866c1db716,UD-IQ3_XXS,synthetic-speed,ctx262144-cpu48-q8_0-b8192-u2048,262144,8192,8192,0,512,665.8102379052465,31.796648795000348,12.306223395979032,,28.377586888964288,,False,limit,0,1,PASS_CONTEXT_PROTOCOL_MATRIX_NOT_PRODUCTION_ACCEPTANCE,14,48,8192,2048,q8_0,q8_0,0,2,none,native default ON,fresh-prompt,False
M0002,context176-262144-cpu48-q8-u2048-20261005,thecodacus,27c54b4bbcefadedcec6397477cc2e866c1db716,UD-IQ3_XXS,synthetic-speed,ctx262144-cpu48-q8_0-b8192-u2048,262144,65536,65536,0,512,608.1173515052932,27.07132451673447,107.78033383807633,,126.65814240800682,,False,limit,0,1,PASS_CONTEXT_PROTOCOL_MATRIX_NOT_PRODUCTION_ACCEPTANCE,14,48,8192,2048,q8_0,q8_0,0,2,none,native default ON,fresh-prompt,False
M0003,context176-262144-cpu48-q8-u2048-20261005,thecodacus,27c54b4bbcefadedcec6397477cc2e866c1db716,UD-IQ3_XXS,context-quality,ctx262144-cpu48-q8_0-b8192-u2048,262144,65536,65536,0,233,606.5993428649044,28.494384948086793,108.72050832107197,115.33334618411027,116.86412126210053,True,True,eos,0,1,PASS_CONTEXT_PROTOCOL_MATRIX_NOT_PRODUCTION_ACCEPTANCE,14,48,8192,2048,q8_0,q8_0,0,2,none,native default ON,natural-quality,False
M0004,context176-262144-cpu48-q8-u2048-20261005,thecodacus,27c54b4bbcefadedcec6397477cc2e866c1db716,UD-IQ3_XXS,synthetic-speed,ctx262144-cpu48-q8_0-b8192-u2048,262144,131072,131072,0,512,509.26059376905414,21.998484386220547,258.27812321006786,,281.5098050989909,,False,limit,0,1,PASS_CONTEXT_PROTOCOL_MATRIX_NOT_PRODUCTION_ACCEPTANCE,14,48,8192,2048,q8_0,q8_0,0,2,none,native default ON,fresh-prompt,False
M0005,context176-262144-cpu48-q8-u2048-20261005,thecodacus,27c54b4bbcefadedcec6397477cc2e866c1db716,UD-IQ3_XXS,context-quality,ctx262144-cpu48-q8_0-b8192-u2048,262144,131072,131072,0,251,508.0853492524313,23.168461311125466,259.44006253394764,268.3980342509458,270.23348898696713,True,True,eos,0,1,PASS_CONTEXT_PROTOCOL_MATRIX_NOT_PRODUCTION_ACCEPTANCE,14,48,8192,2048,q8_0,q8_0,0,2,none,native default ON,natural-quality,False
M0006,context176-262144-cpu48-q8-u2048-20261005,thecodacus,27c54b4bbcefadedcec6397477cc2e866c1db716,UD-IQ3_XXS,synthetic-speed,ctx262144-cpu48-q8_0-b8192-u2048,262144,196608,196608,0,512,434.19881566425056,18.087611363140088,454.442154959077,,482.6978467099834,,False,limit,0,1,PASS_CONTEXT_PROTOCOL_MATRIX_NOT_PRODUCTION_ACCEPTANCE,14,48,8192,2048,q8_0,q8_0,0,2,none,native default ON,fresh-prompt,False
M0007,context176-262144-cpu48-q8-u2048-20261005,thecodacus,27c54b4bbcefadedcec6397477cc2e866c1db716,UD-IQ3_XXS,context-quality,ctx262144-cpu48-q8_0-b8192-u2048,262144,196608,196608,0,275,433.62171812442796,19.96212441882169,455.3671379170846,466.8974386010086,469.09788025706075,True,True,eos,0,1,PASS_CONTEXT_PROTOCOL_MATRIX_NOT_PRODUCTION_ACCEPTANCE,14,48,8192,2048,q8_0,q8_0,0,2,none,native default ON,natural-quality,False
M0008,context176-262144-cpu48-q8-u2048-20261005,thecodacus,27c54b4bbcefadedcec6397477cc2e866c1db716,UD-IQ3_XXS,synthetic-speed,ctx262144-cpu48-q8_0-b8192-u2048,262144,235929,235929,0,512,402.4505334418032,15.796551788948673,588.2418287720066,,620.5955197099829,,False,limit,0,1,PASS_CONTEXT_PROTOCOL_MATRIX_NOT_PRODUCTION_ACCEPTANCE,14,48,8192,2048,q8_0,q8_0,0,2,none,native default ON,fresh-prompt,False
M0009,context176-262144-cpu48-q8-u2048-20261005,thecodacus,27c54b4bbcefadedcec6397477cc2e866c1db716,UD-IQ3_XXS,context-quality,ctx262144-cpu48-q8_0-b8192-u2048,262144,235929,235929,0,215,402.1074549047437,19.37806551488516,589.091108931927,597.7256108259317,600.1395734309917,True,True,eos,0,1,PASS_CONTEXT_PROTOCOL_MATRIX_NOT_PRODUCTION_ACCEPTANCE,14,48,8192,2048,q8_0,q8_0,0,2,none,native default ON,natural-quality,False
M0010,context176-32768-cpu43-q8-20261005,thecodacus,27c54b4bbcefadedcec6397477cc2e866c1db716,UD-IQ3_XXS,synthetic-speed,ctx32768-cpu43-q8_0-b8192,32768,8192,8192,0,512,1045.0923143615228,31.559866472737152,7.841722868965007,,24.032643829938024,,False,limit,0,1,PASS_CONTEXT_PROTOCOL_MATRIX_NOT_PRODUCTION_ACCEPTANCE,14,43,8192,8192,q8_0,q8_0,0,2,none,native default ON,fresh-prompt,False
M0011,context176-32768-cpu43-q8-20261005,thecodacus,27c54b4bbcefadedcec6397477cc2e866c1db716,UD-IQ3_XXS,synthetic-speed,ctx32768-cpu43-q8_0-b8192,32768,8192,8192,0,512,1201.9184919678921,33.08371208572605,6.817871488048695,,22.26368492504116,,False,limit,1,1,PASS_CONTEXT_PROTOCOL_MATRIX_NOT_PRODUCTION_ACCEPTANCE,14,43,8192,8192,q8_0,q8_0,0,2,none,native default ON,fresh-prompt,False
M0012,context176-32768-cpu43-q8-20261005,thecodacus,27c54b4bbcefadedcec6397477cc2e866c1db716,UD-IQ3_XXS,synthetic-speed,ctx32768-cpu43-q8_0-b8192,32768,8192,8192,0,512,1197.2780048250654,33.04676207372506,6.844161374960095,,22.307234012987465,,False,limit,2,1,PASS_CONTEXT_PROTOCOL_MATRIX_NOT_PRODUCTION_ACCEPTANCE,14,43,8192,8192,q8_0,q8_0,0,2,none,native default ON,fresh-prompt,False
M0013,context176-32768-cpu43-q8-20261005,thecodacus,27c54b4bbcefadedcec6397477cc2e866c1db716,UD-IQ3_XXS,context-quality,ctx32768-cpu43-q8_0-b8192,32768,8192,8192,0,196,1182.4168039441222,37.76776619932123,7.076125109102577,11.05291939608287,12.239428151049651,True,True,eos,0,1,PASS_CONTEXT_PROTOCOL_MATRIX_NOT_PRODUCTION_ACCEPTANCE,14,43,8192,8192,q8_0,q8_0,0,2,none,native default ON,natural-quality,False
M0014,context176-32768-cpu43-q8-20261005,thecodacus,27c54b4bbcefadedcec6397477cc2e866c1db716,UD-IQ3_XXS,synthetic-speed,ctx32768-cpu43-q8_0-b8192,32768,16384,16384,0,512,1151.6589469996488,33.970471350594146,14.419570673955604,,29.462445099954493,,False,limit,0,1,PASS_CONTEXT_PROTOCOL_MATRIX_NOT_PRODUCTION_ACCEPTANCE,14,43,8192,8192,q8_0,q8_0,0,2,none,native default ON,fresh-prompt,False
M0015,context176-32768-cpu43-q8-20261005,thecodacus,27c54b4bbcefadedcec6397477cc2e866c1db716,UD-IQ3_XXS,synthetic-speed,ctx32768-cpu43-q8_0-b8192,32768,16384,16384,0,512,1158.2818602272491,34.88936725025904,14.148886015987955,,28.795539106009528,,False,limit,1,1,PASS_CONTEXT_PROTOCOL_MATRIX_NOT_PRODUCTION_ACCEPTANCE,14,43,8192,8192,q8_0,q8_0,0,2,none,native default ON,fresh-prompt,False
M0016,context176-32768-cpu43-q8-20261005,thecodacus,27c54b4bbcefadedcec6397477cc2e866c1db716,UD-IQ3_XXS,synthetic-speed,ctx32768-cpu43-q8_0-b8192,32768,16384,16384,0,512,1157.2891913399394,35.324364769759796,14.161308586015366,,28.627600335981697,,False,limit,2,1,PASS_CONTEXT_PROTOCOL_MATRIX_NOT_PRODUCTION_ACCEPTANCE,14,43,8192,8192,q8_0,q8_0,0,2,none,native default ON,fresh-prompt,False
M0017,context176-32768-cpu43-q8-20261005,thecodacus,27c54b4bbcefadedcec6397477cc2e866c1db716,UD-IQ3_XXS,context-quality,ctx32768-cpu43-q8_0-b8192,32768,16384,16384,0,204,1150.0749542258375,40.11986154497436,14.567582688992843,18.423182263970375,19.627816381980665,True,True,eos,0,1,PASS_CONTEXT_PROTOCOL_MATRIX_NOT_PRODUCTION_ACCEPTANCE,14,43,8192,8192,q8_0,q8_0,0,2,none,native default ON,natural-quality,False
M0018,context176-32768-cpu43-q8-20261005,thecodacus,27c54b4bbcefadedcec6397477cc2e866c1db716,UD-IQ3_XXS,synthetic-speed,ctx32768-cpu43-q8_0-b8192,32768,24576,24576,0,512,1117.6862802508301,30.992513094336786,22.32292925193906,,38.81118137796875,,False,limit,0,1,PASS_CONTEXT_PROTOCOL_MATRIX_NOT_PRODUCTION_ACCEPTANCE,14,43,8192,8192,q8_0,q8_0,0,2,none,native default ON,fresh-prompt,False
M0019,context176-32768-cpu43-q8-20261005,thecodacus,27c54b4bbcefadedcec6397477cc2e866c1db716,UD-IQ3_XXS,synthetic-speed,ctx32768-cpu43-q8_0-b8192,32768,24576,24576,0,512,1120.3978141665953,32.63141520212704,21.939873179071583,,37.60014598502312,,False,limit,1,1,PASS_CONTEXT_PROTOCOL_MATRIX_NOT_PRODUCTION_ACCEPTANCE,14,43,8192,8192,q8_0,q8_0,0,2,none,native default ON,fresh-prompt,False
M0020,context176-32768-cpu43-q8-20261005,thecodacus,27c54b4bbcefadedcec6397477cc2e866c1db716,UD-IQ3_XXS,synthetic-speed,ctx32768-cpu43-q8_0-b8192,32768,24576,24576,0,512,1119.907272261142,32.5844686990788,21.94963638007175,,37.63238289405126,,False,limit,2,1,PASS_CONTEXT_PROTOCOL_MATRIX_NOT_PRODUCTION_ACCEPTANCE,14,43,8192,8192,q8_0,q8_0,0,2,none,native default ON,fresh-prompt,False
M0021,context176-32768-cpu43-q8-20261005,thecodacus,27c54b4bbcefadedcec6397477cc2e866c1db716,UD-IQ3_XXS,context-quality,ctx32768-cpu43-q8_0-b8192,32768,24576,24576,0,224,1113.2895313819358,37.8525035611907,22.506341775064357,27.11626453406643,28.39805891108699,True,True,eos,0,1,PASS_CONTEXT_PROTOCOL_MATRIX_NOT_PRODUCTION_ACCEPTANCE,14,43,8192,8192,q8_0,q8_0,0,2,none,native default ON,natural-quality,False
M0022,context176-32768-cpu43-q8-20261005,thecodacus,27c54b4bbcefadedcec6397477cc2e866c1db716,UD-IQ3_XXS,synthetic-speed,ctx32768-cpu43-q8_0-b8192,32768,29491,29491,0,512,1075.214834238594,30.882397112211823,27.86152444407344,,44.4088488050038,,False,limit,0,1,PASS_CONTEXT_PROTOCOL_MATRIX_NOT_PRODUCTION_ACCEPTANCE,14,43,8192,8192,q8_0,q8_0,0,2,none,native default ON,fresh-prompt,False
M0023,context176-32768-cpu43-q8-20261005,thecodacus,27c54b4bbcefadedcec6397477cc2e866c1db716,UD-IQ3_XXS,synthetic-speed,ctx32768-cpu43-q8_0-b8192,32768,29491,29491,0,512,1073.671773976928,31.83720682901233,27.47405566298403,,43.525038070976734,,False,limit,1,1,PASS_CONTEXT_PROTOCOL_MATRIX_NOT_PRODUCTION_ACCEPTANCE,14,43,8192,8192,q8_0,q8_0,0,2,none,native default ON,fresh-prompt,False
M0024,context176-32768-cpu43-q8-20261005,thecodacus,27c54b4bbcefadedcec6397477cc2e866c1db716,UD-IQ3_XXS,synthetic-speed,ctx32768-cpu43-q8_0-b8192,32768,29491,29491,0,512,1074.890423393692,31.55023272464229,27.44205797603354,,43.63900004304014,,False,limit,2,1,PASS_CONTEXT_PROTOCOL_MATRIX_NOT_PRODUCTION_ACCEPTANCE,14,43,8192,8192,q8_0,q8_0,0,2,none,native default ON,fresh-prompt,False
M0025,context176-32768-cpu43-q8-20261005,thecodacus,27c54b4bbcefadedcec6397477cc2e866c1db716,UD-IQ3_XXS,context-quality,ctx32768-cpu43-q8_0-b8192,32768,29491,29491,0,209,1070.546008957215,36.44386383451122,28.014693784993142,32.452141942922026,33.722821633913554,True,True,eos,0,1,PASS_CONTEXT_PROTOCOL_MATRIX_NOT_PRODUCTION_ACCEPTANCE,14,43,8192,8192,q8_0,q8_0,0,2,none,native default ON,natural-quality,False
M0026,context176-32768-cpu48-q8-control-20261005,thecodacus,27c54b4bbcefadedcec6397477cc2e866c1db716,UD-IQ3_XXS,synthetic-speed,ctx32768-cpu48-q8_0-b8192,32768,8192,8192,0,512,1015.5498634735029,30.914182592108837,8.069807706982829,,24.599090337986127,,False,limit,0,1,PASS_CONTEXT_PROTOCOL_MATRIX_NOT_PRODUCTION_ACCEPTANCE,14,48,8192,8192,q8_0,q8_0,0,2,none,native default ON,fresh-prompt,False
M0027,context176-32768-cpu48-q8-control-20261005,thecodacus,27c54b4bbcefadedcec6397477cc2e866c1db716,UD-IQ3_XXS,synthetic-speed,ctx32768-cpu48-q8_0-b8192,32768,8192,8192,0,512,1168.4097489758944,32.777341530533796,7.0134642630582675,,22.603690642048605,,False,limit,1,1,PASS_CONTEXT_PROTOCOL_MATRIX_NOT_PRODUCTION_ACCEPTANCE,14,48,8192,8192,q8_0,q8_0,0,2,none,native default ON,fresh-prompt,False
M0028,context176-32768-cpu48-q8-control-20261005,thecodacus,27c54b4bbcefadedcec6397477cc2e866c1db716,UD-IQ3_XXS,synthetic-speed,ctx32768-cpu48-q8_0-b8192,32768,8192,8192,0,512,1164.9298660174231,32.45337478897368,7.034104069927707,,22.780017565004528,,False,limit,2,1,PASS_CONTEXT_PROTOCOL_MATRIX_NOT_PRODUCTION_ACCEPTANCE,14,48,8192,8192,q8_0,q8_0,0,2,none,native default ON,fresh-prompt,False
M0029,context176-32768-cpu48-q8-control-20261005,thecodacus,27c54b4bbcefadedcec6397477cc2e866c1db716,UD-IQ3_XXS,context-quality,ctx32768-cpu48-q8_0-b8192,32768,8192,8192,0,197,1150.7310133948067,35.539824549315135,7.276218491024338,11.538166697020642,12.79134758899454,True,True,eos,0,1,PASS_CONTEXT_PROTOCOL_MATRIX_NOT_PRODUCTION_ACCEPTANCE,14,48,8192,8192,q8_0,q8_0,0,2,none,native default ON,natural-quality,False
M0030,context176-32768-cpu48-q8-u1024-control-20261005,thecodacus,27c54b4bbcefadedcec6397477cc2e866c1db716,UD-IQ3_XXS,synthetic-speed,ctx32768-cpu48-q8_0-b8192-u1024,32768,8192,8192,0,512,466.3847179755897,30.212648563752175,17.567930140998214,,34.481106690946035,,False,limit,0,1,PASS_CONTEXT_PROTOCOL_MATRIX_NOT_PRODUCTION_ACCEPTANCE,14,48,8192,1024,q8_0,q8_0,0,2,none,native default ON,fresh-prompt,False
M0031,context176-32768-cpu48-q8-u1024-control-20261005,thecodacus,27c54b4bbcefadedcec6397477cc2e866c1db716,UD-IQ3_XXS,synthetic-speed,ctx32768-cpu48-q8_0-b8192-u1024,32768,8192,8192,0,512,498.8835106393668,32.94883143197298,16.42313017998822,,31.93234585598111,,False,limit,1,1,PASS_CONTEXT_PROTOCOL_MATRIX_NOT_PRODUCTION_ACCEPTANCE,14,48,8192,1024,q8_0,q8_0,0,2,none,native default ON,fresh-prompt,False
M0032,context176-32768-cpu48-q8-u1024-control-20261005,thecodacus,27c54b4bbcefadedcec6397477cc2e866c1db716,UD-IQ3_XXS,synthetic-speed,ctx32768-cpu48-q8_0-b8192-u1024,32768,8192,8192,0,512,499.2529488955613,32.986829604821004,16.410544923041016,,31.901839283062145,,False,limit,2,1,PASS_CONTEXT_PROTOCOL_MATRIX_NOT_PRODUCTION_ACCEPTANCE,14,48,8192,1024,q8_0,q8_0,0,2,none,native default ON,fresh-prompt,False
M0033,context176-32768-cpu48-q8-u1024-control-20261005,thecodacus,27c54b4bbcefadedcec6397477cc2e866c1db716,UD-IQ3_XXS,context-quality,ctx32768-cpu48-q8_0-b8192-u1024,32768,8192,8192,0,217,490.15583748557714,38.281629797853505,16.915342204039916,21.343371169059537,22.558024447993375,True,True,eos,0,1,PASS_CONTEXT_PROTOCOL_MATRIX_NOT_PRODUCTION_ACCEPTANCE,14,48,8192,1024,q8_0,q8_0,0,2,none,native default ON,natural-quality,False
M0034,context176-32768-cpu48-q8-u2048-control-20261005,thecodacus,27c54b4bbcefadedcec6397477cc2e866c1db716,UD-IQ3_XXS,synthetic-speed,ctx32768-cpu48-q8_0-b8192-u2048,32768,8192,8192,0,512,667.5658269858759,32.02160273824182,12.273696751100942,,28.23195016104728,,False,limit,0,1,PASS_CONTEXT_PROTOCOL_MATRIX_NOT_PRODUCTION_ACCEPTANCE,14,48,8192,2048,q8_0,q8_0,0,2,none,native default ON,fresh-prompt,False
M0035,context176-32768-cpu48-q8-u2048-control-20261005,thecodacus,27c54b4bbcefadedcec6397477cc2e866c1db716,UD-IQ3_XXS,context-quality,ctx32768-cpu48-q8_0-b8192-u2048,32768,8192,8192,0,218,715.8510142067415,35.646126284533615,11.644156027003191,16.492261828039773,17.732033359003253,True,True,eos,0,1,PASS_CONTEXT_PROTOCOL_MATRIX_NOT_PRODUCTION_ACCEPTANCE,14,48,8192,2048,q8_0,q8_0,0,2,none,native default ON,natural-quality,False
M0036,context176-40960-cpu44-f16-u8192-screen-20261005,thecodacus,27c54b4bbcefadedcec6397477cc2e866c1db716,UD-IQ3_XXS,synthetic-speed,ctx40960-cpu44-f16-b8192-u8192,40960,8192,8192,0,512,1040.9771664860755,33.197776827393064,7.8721835860051215,,23.264837726950645,,False,limit,0,1,PASS_CONTEXT_PROTOCOL_MATRIX_NOT_PRODUCTION_ACCEPTANCE,14,44,8192,8192,f16,f16,0,2,none,native default ON,fresh-prompt,False
M0037,context176-40960-cpu44-f16-u8192-screen-20261005,thecodacus,27c54b4bbcefadedcec6397477cc2e866c1db716,UD-IQ3_XXS,synthetic-speed,ctx40960-cpu44-f16-b8192-u8192,40960,36864,36864,0,512,1033.9626030558272,28.029076519269196,35.660386752919294,,53.89209714590106,,False,limit,0,1,PASS_CONTEXT_PROTOCOL_MATRIX_NOT_PRODUCTION_ACCEPTANCE,14,44,8192,8192,f16,f16,0,2,none,native default ON,fresh-prompt,False
M0038,context176-40960-cpu44-f16-u8192-screen-20261005,thecodacus,27c54b4bbcefadedcec6397477cc2e866c1db716,UD-IQ3_XXS,context-quality,ctx40960-cpu44-f16-b8192-u8192,40960,36864,36864,0,249,1032.7795730858384,33.44201538845126,36.31920716201421,42.41083877708297,43.735762527096085,True,True,eos,0,1,PASS_CONTEXT_PROTOCOL_MATRIX_NOT_PRODUCTION_ACCEPTANCE,14,44,8192,8192,f16,f16,0,2,none,native default ON,natural-quality,False
M0039,context176-45056-cpu45-f16-u8192-screen-20261005,thecodacus,27c54b4bbcefadedcec6397477cc2e866c1db716,UD-IQ3_XXS,synthetic-speed,ctx45056-cpu45-f16-b8192-u8192,45056,8192,8192,0,512,1031.7232221099093,31.54761096301089,7.942647886928171,,24.14044999796897,,False,limit,0,1,PASS_CONTEXT_PROTOCOL_MATRIX_NOT_PRODUCTION_ACCEPTANCE,14,45,8192,8192,f16,f16,0,2,none,native default ON,fresh-prompt,False
M0040,context176-45056-cpu45-f16-u8192-screen-20261005,thecodacus,27c54b4bbcefadedcec6397477cc2e866c1db716,UD-IQ3_XXS,synthetic-speed,ctx45056-cpu45-f16-b8192-u8192,45056,40550,40550,0,512,1027.0253814316548,30.81400593655041,39.490885696024634,,56.0749419570202,,False,limit,0,1,PASS_CONTEXT_PROTOCOL_MATRIX_NOT_PRODUCTION_ACCEPTANCE,14,45,8192,8192,f16,f16,0,2,none,native default ON,fresh-prompt,False
M0041,context176-45056-cpu45-f16-u8192-screen-20261005,thecodacus,27c54b4bbcefadedcec6397477cc2e866c1db716,UD-IQ3_XXS,context-quality,ctx45056-cpu45-f16-b8192-u8192,45056,40550,40550,0,259,1027.0442924058673,34.87461561888047,40.17556116206106,46.26772591099143,47.574317724094726,True,True,eos,0,1,PASS_CONTEXT_PROTOCOL_MATRIX_NOT_PRODUCTION_ACCEPTANCE,14,45,8192,8192,f16,f16,0,2,none,native default ON,natural-quality,False
M0042,context176-47104-cpu45-f16-u8192-screen-20261005,thecodacus,27c54b4bbcefadedcec6397477cc2e866c1db716,UD-IQ3_XXS,synthetic-speed,ctx47104-cpu45-f16-b8192-u8192,47104,8192,8192,0,512,1032.7599994099955,31.798245545803194,7.9346997699467465,,24.00484778592363,,False,limit,0,1,PASS_CONTEXT_PROTOCOL_MATRIX_NOT_PRODUCTION_ACCEPTANCE,14,45,8192,8192,f16,f16,0,2,none,native default ON,fresh-prompt,False
M0043,context176-47104-cpu45-f16-u8192-screen-20261005,thecodacus,27c54b4bbcefadedcec6397477cc2e866c1db716,UD-IQ3_XXS,synthetic-speed,ctx47104-cpu45-f16-b8192-u8192,47104,42393,42393,0,512,995.0634823884114,28.125871365364095,42.61133972601965,,60.780481619993225,,False,limit,0,1,PASS_CONTEXT_PROTOCOL_MATRIX_NOT_PRODUCTION_ACCEPTANCE,14,45,8192,8192,f16,f16,0,2,none,native default ON,fresh-prompt,False
M0044,context176-47104-cpu45-f16-u8192-screen-20261005,thecodacus,27c54b4bbcefadedcec6397477cc2e866c1db716,UD-IQ3_XXS,context-quality,ctx47104-cpu45-f16-b8192-u8192,47104,42393,42393,0,283,992.4323899142855,33.017195636484885,43.41855191800278,50.68830344895832,51.960397689952515,True,True,eos,0,1,PASS_CONTEXT_PROTOCOL_MATRIX_NOT_PRODUCTION_ACCEPTANCE,14,45,8192,8192,f16,f16,0,2,none,native default ON,natural-quality,False
M0045,context176-49152-cpu46-f16-u8192-screen-20261005,thecodacus,27c54b4bbcefadedcec6397477cc2e866c1db716,UD-IQ3_XXS,synthetic-speed,ctx49152-cpu46-f16-b8192-u8192,49152,8192,8192,0,512,1028.9616530912058,30.271037749228086,7.963711199001409,,24.84462779108435,,False,limit,0,1,PASS_CONTEXT_PROTOCOL_MATRIX_NOT_PRODUCTION_ACCEPTANCE,14,46,8192,8192,f16,f16,0,2,none,native default ON,fresh-prompt,False
M0046,context176-49152-cpu46-f16-u8192-screen-20261005,thecodacus,27c54b4bbcefadedcec6397477cc2e866c1db716,UD-IQ3_XXS,synthetic-speed,ctx49152-cpu46-f16-b8192-u8192,49152,44236,44236,0,512,989.9301306615572,28.182926496335533,44.694684657035396,,62.82718886900693,,False,limit,0,1,PASS_CONTEXT_PROTOCOL_MATRIX_NOT_PRODUCTION_ACCEPTANCE,14,46,8192,8192,f16,f16,0,2,none,native default ON,fresh-prompt,False
M0047,context176-49152-cpu46-f16-u8192-screen-20261005,thecodacus,27c54b4bbcefadedcec6397477cc2e866c1db716,UD-IQ3_XXS,context-quality,ctx49152-cpu46-f16-b8192-u8192,49152,44236,44236,0,179,989.8347710320143,30.348185758176104,45.44891640602145,49.935837459983304,51.31503222999163,True,True,eos,0,1,PASS_CONTEXT_PROTOCOL_MATRIX_NOT_PRODUCTION_ACCEPTANCE,14,46,8192,8192,f16,f16,0,2,none,native default ON,natural-quality,False
M0048,context176-65536-cpu48-f16-u8192-screen-20261005,thecodacus,27c54b4bbcefadedcec6397477cc2e866c1db716,UD-IQ3_XXS,synthetic-speed,ctx65536-cpu48-f16-b8192-u8192,65536,8192,8192,0,512,1019.9571448670333,32.834208387476046,8.033985801041126,,23.597181156044826,,False,limit,0,1,PASS_CONTEXT_PROTOCOL_MATRIX_NOT_PRODUCTION_ACCEPTANCE,14,48,8192,8192,f16,f16,0,2,none,native default ON,fresh-prompt,False
M0049,context176-65536-cpu48-f16-u8192-screen-20261005,thecodacus,27c54b4bbcefadedcec6397477cc2e866c1db716,UD-IQ3_XXS,synthetic-speed,ctx65536-cpu48-f16-b8192-u8192,65536,58982,58982,0,512,920.8173714659114,28.26777091311649,64.06437252392061,,82.14301804697607,,False,limit,0,1,PASS_CONTEXT_PROTOCOL_MATRIX_NOT_PRODUCTION_ACCEPTANCE,14,48,8192,8192,f16,f16,0,2,none,native default ON,fresh-prompt,False
M0050,context176-65536-cpu48-f16-u8192-screen-20261005,thecodacus,27c54b4bbcefadedcec6397477cc2e866c1db716,UD-IQ3_XXS,context-quality,ctx65536-cpu48-f16-b8192-u8192,65536,58982,58982,0,336,920.7032860624892,28.910823142052422,64.99529734905809,75.10889561707154,76.5840275370283,True,True,eos,0,1,PASS_CONTEXT_PROTOCOL_MATRIX_NOT_PRODUCTION_ACCEPTANCE,14,48,8192,8192,f16,f16,0,2,none,native default ON,natural-quality,False
M0051,guided-speed175-20261005,thecodacus,27c54b4bbcefadedcec6397477cc2e866c1db716,UD-IQ3_XXS,synthetic-speed,baseline96,32768,8192,8192,0,512,582.2138225748861,31.970071508478735,14.073027804028243,,30.056856779032387,,False,limit,0,1,PASS_QA_NOT_PRODUCTION_ACCEPTANCE,14,99,4096,4096,q8_0,q8_0,96,,mmap,native default ON,fresh-prompt,False
M0052,guided-speed175-20261005,thecodacus,27c54b4bbcefadedcec6397477cc2e866c1db716,UD-IQ3_XXS,synthetic-speed,baseline96,32768,8192,4,8188,512,33.119985427206416,32.1509400437819,0.12300086708273739,,16.01691461307928,,False,limit,0,1,PASS_QA_NOT_PRODUCTION_ACCEPTANCE,14,99,4096,4096,q8_0,q8_0,96,,mmap,native default ON,reuse-requested,False
M0053,guided-speed175-20261005,thecodacus,27c54b4bbcefadedcec6397477cc2e866c1db716,UD-IQ3_XXS,context-quality,baseline96,32768,8192,8192,0,180,594.2940085341257,33.052442963301075,13.965783815016039,17.658152548014186,19.38156972604338,True,True,eos,0,1,PASS_QA_NOT_PRODUCTION_ACCEPTANCE,14,99,4096,4096,q8_0,q8_0,96,,mmap,native default ON,natural-quality,False
M0054,guided-speed175-20261005,thecodacus,27c54b4bbcefadedcec6397477cc2e866c1db716,UD-IQ3_XXS,synthetic-speed,batch8192-cache96,32768,8192,8192,0,512,722.2901181595039,30.618673364186886,11.344250094029121,,28.03353988903109,,False,limit,0,1,PASS_QA_NOT_PRODUCTION_ACCEPTANCE,14,99,8192,8192,q8_0,q8_0,96,,mmap,native default ON,fresh-prompt,False
M0055,guided-speed175-20261005,thecodacus,27c54b4bbcefadedcec6397477cc2e866c1db716,UD-IQ3_XXS,synthetic-speed,batch8192-cache96,32768,8192,4,8188,512,33.19915342158775,30.680712549041857,0.12299151392653584,,16.778580172918737,,False,limit,0,1,PASS_QA_NOT_PRODUCTION_ACCEPTANCE,14,99,8192,8192,q8_0,q8_0,96,,mmap,native default ON,reuse-requested,False
M0056,guided-speed175-20261005,thecodacus,27c54b4bbcefadedcec6397477cc2e866c1db716,UD-IQ3_XXS,context-quality,batch8192-cache96,32768,8192,8192,0,162,744.7714173603745,32.88043428314219,11.184126296895556,14.37217122700531,16.080769914900884,True,True,eos,0,1,PASS_QA_NOT_PRODUCTION_ACCEPTANCE,14,99,8192,8192,q8_0,q8_0,96,,mmap,native default ON,natural-quality,False
M0057,guided-speed175-20261005,thecodacus,27c54b4bbcefadedcec6397477cc2e866c1db716,UD-IQ3_XXS,synthetic-speed,overlap-cache112,32768,8192,8192,0,512,580.622709350563,26.774397200121115,14.11131970200222,,33.19691417901777,,False,limit,0,1,PASS_QA_NOT_PRODUCTION_ACCEPTANCE,14,99,4096,4096,q8_0,q8_0,112,,mmap,native default ON,fresh-prompt,False
M0058,guided-speed175-20261005,thecodacus,27c54b4bbcefadedcec6397477cc2e866c1db716,UD-IQ3_XXS,synthetic-speed,overlap-cache112,32768,8192,4,8188,512,32.49205975289789,26.85464850549677,0.12512556393630803,,19.153710733982734,,False,limit,0,1,PASS_QA_NOT_PRODUCTION_ACCEPTANCE,14,99,4096,4096,q8_0,q8_0,112,,mmap,native default ON,reuse-requested,False
M0059,guided-speed175-20261005,thecodacus,27c54b4bbcefadedcec6397477cc2e866c1db716,UD-IQ3_XXS,context-quality,overlap-cache112,32768,8192,8192,0,203,592.8095358392513,27.24675824275135,14.006583124981262,19.34478250495158,21.420470827957615,True,True,eos,0,1,PASS_QA_NOT_PRODUCTION_ACCEPTANCE,14,99,4096,4096,q8_0,q8_0,112,,mmap,native default ON,natural-quality,False
M0060,guided-speed175-20261005,thecodacus,27c54b4bbcefadedcec6397477cc2e866c1db716,UD-IQ3_XXS,synthetic-speed,gpu-mtp2-cache96,32768,8192,8192,0,512,550.104574933416,36.48682304447765,14.894142839009874,,28.899442695081234,,False,limit,0,1,PASS_QA_NOT_PRODUCTION_ACCEPTANCE,14,99,4096,4096,q8_0,q8_0,96,2,mmap,native default ON,fresh-prompt,False
M0061,guided-speed175-20261005,thecodacus,27c54b4bbcefadedcec6397477cc2e866c1db716,UD-IQ3_XXS,synthetic-speed,gpu-mtp2-cache96,32768,8192,4,8188,512,29.978265757325936,38.03438874420274,0.1355082190129906,,13.570949633023702,,False,limit,0,1,PASS_QA_NOT_PRODUCTION_ACCEPTANCE,14,99,4096,4096,q8_0,q8_0,96,2,mmap,native default ON,reuse-requested,False
M0062,guided-speed175-20261005,thecodacus,27c54b4bbcefadedcec6397477cc2e866c1db716,UD-IQ3_XXS,context-quality,gpu-mtp2-cache96,32768,8192,8192,0,271,568.3986056194167,41.42554188444483,14.616702980012633,19.836100685060956,21.13468933501281,True,True,eos,0,1,PASS_QA_NOT_PRODUCTION_ACCEPTANCE,14,99,4096,4096,q8_0,q8_0,96,2,mmap,native default ON,natural-quality,False
M0063,guided-speed175-finalist-20261005,thecodacus,27c54b4bbcefadedcec6397477cc2e866c1db716,UD-IQ3_XXS,synthetic-speed,batch8192-cache80,32768,8192,8192,0,512,721.5347834021634,31.1324821148155,11.35594170098193,,27.7698010050226,,False,limit,0,1,PASS_QA_NOT_PRODUCTION_ACCEPTANCE,14,99,8192,8192,q8_0,q8_0,80,,mmap,native default ON,fresh-prompt,False
M0064,guided-speed175-finalist-20261005,thecodacus,27c54b4bbcefadedcec6397477cc2e866c1db716,UD-IQ3_XXS,synthetic-speed,batch8192-cache80,32768,8192,4,8188,512,31.972375867250694,31.339016836779468,0.12723471596837044,,16.432893012068234,,False,limit,0,1,PASS_QA_NOT_PRODUCTION_ACCEPTANCE,14,99,8192,8192,q8_0,q8_0,80,,mmap,native default ON,reuse-requested,False
M0065,guided-speed175-finalist-20261005,thecodacus,27c54b4bbcefadedcec6397477cc2e866c1db716,UD-IQ3_XXS,synthetic-speed,batch8192-cache80,32768,8192,8192,0,512,748.722866336334,31.266763436585652,10.943594697047956,,27.28695606905967,,False,limit,1,1,PASS_QA_NOT_PRODUCTION_ACCEPTANCE,14,99,8192,8192,q8_0,q8_0,80,,mmap,native default ON,fresh-prompt,False
M0066,guided-speed175-finalist-20261005,thecodacus,27c54b4bbcefadedcec6397477cc2e866c1db716,UD-IQ3_XXS,synthetic-speed,batch8192-cache80,32768,8192,4,8188,512,32.55340793489319,31.26082428981953,0.12521703692618757,,16.471789696021006,,False,limit,1,1,PASS_QA_NOT_PRODUCTION_ACCEPTANCE,14,99,8192,8192,q8_0,q8_0,80,,mmap,native default ON,reuse-requested,False
M0067,guided-speed175-finalist-20261005,thecodacus,27c54b4bbcefadedcec6397477cc2e866c1db716,UD-IQ3_XXS,synthetic-speed,batch8192-cache80,32768,8192,8192,0,512,742.6534467342422,31.2803104524902,11.033200309961103,,27.369481033994816,,False,limit,2,1,PASS_QA_NOT_PRODUCTION_ACCEPTANCE,14,99,8192,8192,q8_0,q8_0,80,,mmap,native default ON,fresh-prompt,False
M0068,guided-speed175-finalist-20261005,thecodacus,27c54b4bbcefadedcec6397477cc2e866c1db716,UD-IQ3_XXS,synthetic-speed,batch8192-cache80,32768,8192,4,8188,512,33.241089310496704,31.216408761706763,0.12268548202700913,,16.492386016063392,,False,limit,2,1,PASS_QA_NOT_PRODUCTION_ACCEPTANCE,14,99,8192,8192,q8_0,q8_0,80,,mmap,native default ON,reuse-requested,False
M0069,guided-speed175-finalist-20261005,thecodacus,27c54b4bbcefadedcec6397477cc2e866c1db716,UD-IQ3_XXS,synthetic-speed,batch8192-cache80,32768,8192,8192,0,512,742.5669429719103,31.13187896485954,11.034177948022261,,27.44834012107458,,False,limit,3,1,PASS_QA_NOT_PRODUCTION_ACCEPTANCE,14,99,8192,8192,q8_0,q8_0,80,,mmap,native default ON,fresh-prompt,False
M0070,guided-speed175-finalist-20261005,thecodacus,27c54b4bbcefadedcec6397477cc2e866c1db716,UD-IQ3_XXS,synthetic-speed,batch8192-cache80,32768,8192,4,8188,512,32.150981006807974,31.197453506331254,0.12696017196867615,,16.50664922001306,,False,limit,3,1,PASS_QA_NOT_PRODUCTION_ACCEPTANCE,14,99,8192,8192,q8_0,q8_0,80,,mmap,native default ON,reuse-requested,False
M0071,guided-speed175-finalist-20261005,thecodacus,27c54b4bbcefadedcec6397477cc2e866c1db716,UD-IQ3_XXS,synthetic-speed,batch8192-cache80,32768,8192,8192,0,512,740.976248871056,31.145525731903096,11.058148019015789,,27.465182592975907,,False,limit,4,1,PASS_QA_NOT_PRODUCTION_ACCEPTANCE,14,99,8192,8192,q8_0,q8_0,80,,mmap,native default ON,fresh-prompt,False
M0072,guided-speed175-finalist-20261005,thecodacus,27c54b4bbcefadedcec6397477cc2e866c1db716,UD-IQ3_XXS,synthetic-speed,batch8192-cache80,32768,8192,4,8188,512,31.93995288856949,31.051316767243158,0.1274781080428511,,16.58431752503384,,False,limit,4,1,PASS_QA_NOT_PRODUCTION_ACCEPTANCE,14,99,8192,8192,q8_0,q8_0,80,,mmap,native default ON,reuse-requested,False
M0073,guided-speed175-finalist-20261005,thecodacus,27c54b4bbcefadedcec6397477cc2e866c1db716,UD-IQ3_XXS,context-quality,batch8192-cache80,32768,8192,8192,0,229,733.9834893137846,31.849985450982523,11.348060077056289,16.792262290022336,18.50675665808376,True,True,eos,0,1,PASS_QA_NOT_PRODUCTION_ACCEPTANCE,14,99,8192,8192,q8_0,q8_0,80,,mmap,native default ON,natural-quality,False
M0074,guided-speed175-finalist-20261005,thecodacus,27c54b4bbcefadedcec6397477cc2e866c1db716,UD-IQ3_XXS,context-quality,batch8192-cache80,32768,16384,16384,0,214,721.847655074544,30.214677410797904,22.84231852099765,28.10675168596208,29.89220966002904,True,True,eos,0,1,PASS_QA_NOT_PRODUCTION_ACCEPTANCE,14,99,8192,8192,q8_0,q8_0,80,,mmap,native default ON,natural-quality,False
M0075,guided-speed175-finalist-20261005,thecodacus,27c54b4bbcefadedcec6397477cc2e866c1db716,UD-IQ3_XXS,context-quality,batch8192-cache80,32768,28672,28672,0,266,678.7577974763997,27.81439131300931,42.48376567999367,50.054293968947604,52.011795619968325,True,True,eos,0,1,PASS_QA_NOT_PRODUCTION_ACCEPTANCE,14,99,8192,8192,q8_0,q8_0,80,,mmap,native default ON,natural-quality,False
M0076,guided-speed175-followup-20261005,thecodacus,27c54b4bbcefadedcec6397477cc2e866c1db716,UD-IQ3_XXS,synthetic-speed,batch8192-cache80,32768,8192,8192,0,512,663.5308784850761,30.832957474955766,12.34829370805528,,28.921561789000407,,False,limit,0,1,PASS_QA_NOT_PRODUCTION_ACCEPTANCE,14,99,8192,8192,q8_0,q8_0,80,,mmap,native default ON,fresh-prompt,False
M0077,guided-speed175-followup-20261005,thecodacus,27c54b4bbcefadedcec6397477cc2e866c1db716,UD-IQ3_XXS,synthetic-speed,batch8192-cache80,32768,8192,4,8188,512,30.57613074353506,30.793761943128562,0.13300402194727212,,16.727403554017656,,False,limit,0,1,PASS_QA_NOT_PRODUCTION_ACCEPTANCE,14,99,8192,8192,q8_0,q8_0,80,,mmap,native default ON,reuse-requested,False
M0078,guided-speed175-followup-20261005,thecodacus,27c54b4bbcefadedcec6397477cc2e866c1db716,UD-IQ3_XXS,synthetic-speed,batch8192-cache80,32768,8192,8192,0,512,746.4371566794554,30.84791687216853,10.977260002982803,,27.54249968705699,,False,limit,1,1,PASS_QA_NOT_PRODUCTION_ACCEPTANCE,14,99,8192,8192,q8_0,q8_0,80,,mmap,native default ON,fresh-prompt,False
M0079,guided-speed175-followup-20261005,thecodacus,27c54b4bbcefadedcec6397477cc2e866c1db716,UD-IQ3_XXS,synthetic-speed,batch8192-cache80,32768,8192,4,8188,512,32.14968895175939,30.889851384149452,0.1270155319944024,,16.66980812093243,,False,limit,1,1,PASS_QA_NOT_PRODUCTION_ACCEPTANCE,14,99,8192,8192,q8_0,q8_0,80,,mmap,native default ON,reuse-requested,False
M0080,guided-speed175-followup-20261005,thecodacus,27c54b4bbcefadedcec6397477cc2e866c1db716,UD-IQ3_XXS,synthetic-speed,batch8192-cache80,32768,8192,8192,0,512,749.0839449511084,30.833662587773365,10.938565628952347,,27.511468100943603,,False,limit,2,1,PASS_QA_NOT_PRODUCTION_ACCEPTANCE,14,99,8192,8192,q8_0,q8_0,80,,mmap,native default ON,fresh-prompt,False
M0081,guided-speed175-followup-20261005,thecodacus,27c54b4bbcefadedcec6397477cc2e866c1db716,UD-IQ3_XXS,synthetic-speed,batch8192-cache80,32768,8192,4,8188,512,32.63228311768833,30.71825594366692,0.1247946850489825,,16.760070328018628,,False,limit,2,1,PASS_QA_NOT_PRODUCTION_ACCEPTANCE,14,99,8192,8192,q8_0,q8_0,80,,mmap,native default ON,reuse-requested,False
M0082,guided-speed175-followup-20261005,thecodacus,27c54b4bbcefadedcec6397477cc2e866c1db716,UD-IQ3_XXS,context-quality,batch8192-cache80,32768,8192,8192,0,250,730.1420220709313,31.19638512826976,11.440304767922498,17.674332161899656,19.42211080098059,True,True,eos,0,1,PASS_QA_NOT_PRODUCTION_ACCEPTANCE,14,99,8192,8192,q8_0,q8_0,80,,mmap,native default ON,natural-quality,False
M0083,guided-speed175-followup-20261005,thecodacus,27c54b4bbcefadedcec6397477cc2e866c1db716,UD-IQ3_XXS,context-quality,batch8192-cache80,32768,16384,16384,0,184,729.4928751111227,30.276589049404443,22.599783696001396,27.32811846304685,28.644369682995602,True,True,eos,0,1,PASS_QA_NOT_PRODUCTION_ACCEPTANCE,14,99,8192,8192,q8_0,q8_0,80,,mmap,native default ON,natural-quality,False
M0084,guided-speed175-followup-20261005,thecodacus,27c54b4bbcefadedcec6397477cc2e866c1db716,UD-IQ3_XXS,context-quality,batch8192-cache80,32768,28672,28672,0,181,683.8053817191146,28.365208999587445,42.165894908015616,46.55670915497467,48.512296368018724,True,True,eos,0,1,PASS_QA_NOT_PRODUCTION_ACCEPTANCE,14,99,8192,8192,q8_0,q8_0,80,,mmap,native default ON,natural-quality,False
M0085,guided-speed175-followup-20261005,thecodacus,27c54b4bbcefadedcec6397477cc2e866c1db716,UD-IQ3_XXS,synthetic-speed,gpu-mtp2-cache64,32768,8192,8192,0,512,542.6543761279769,33.86723381580334,15.098430631915107,,30.18702219298575,,False,limit,0,1,PASS_QA_NOT_PRODUCTION_ACCEPTANCE,14,99,4096,4096,q8_0,q8_0,64,2,mmap,native default ON,fresh-prompt,False
M0086,guided-speed175-followup-20261005,thecodacus,27c54b4bbcefadedcec6397477cc2e866c1db716,UD-IQ3_XXS,synthetic-speed,gpu-mtp2-cache64,32768,8192,4,8188,512,29.455081001472752,36.37162634481597,0.1378594939596951,,14.187523848027922,,False,limit,0,1,PASS_QA_NOT_PRODUCTION_ACCEPTANCE,14,99,4096,4096,q8_0,q8_0,64,2,mmap,native default ON,reuse-requested,False
M0087,guided-speed175-followup-20261005,thecodacus,27c54b4bbcefadedcec6397477cc2e866c1db716,UD-IQ3_XXS,synthetic-speed,gpu-mtp2-cache64,32768,8192,8192,0,512,565.9012447064194,36.40874148945667,14.478245838079602,,28.513571181101725,,False,limit,1,1,PASS_QA_NOT_PRODUCTION_ACCEPTANCE,14,99,4096,4096,q8_0,q8_0,64,2,mmap,native default ON,fresh-prompt,False
M0088,guided-speed175-followup-20261005,thecodacus,27c54b4bbcefadedcec6397477cc2e866c1db716,UD-IQ3_XXS,synthetic-speed,gpu-mtp2-cache64,32768,8192,4,8188,512,29.486782549722086,36.04524800188705,0.13763182295951992,,14.314502842025831,,False,limit,1,1,PASS_QA_NOT_PRODUCTION_ACCEPTANCE,14,99,4096,4096,q8_0,q8_0,64,2,mmap,native default ON,reuse-requested,False
M0089,guided-speed175-followup-20261005,thecodacus,27c54b4bbcefadedcec6397477cc2e866c1db716,UD-IQ3_XXS,synthetic-speed,gpu-mtp2-cache64,32768,8192,8192,0,512,562.7416399000309,36.174186850647686,14.559672396979295,,28.686030827928334,,False,limit,2,1,PASS_QA_NOT_PRODUCTION_ACCEPTANCE,14,99,4096,4096,q8_0,q8_0,64,2,mmap,native default ON,fresh-prompt,False
M0090,guided-speed175-followup-20261005,thecodacus,27c54b4bbcefadedcec6397477cc2e866c1db716,UD-IQ3_XXS,synthetic-speed,gpu-mtp2-cache64,32768,8192,4,8188,512,28.226460895766735,36.06956131366613,0.14369626890402287,,14.311014733975753,,False,limit,2,1,PASS_QA_NOT_PRODUCTION_ACCEPTANCE,14,99,4096,4096,q8_0,q8_0,64,2,mmap,native default ON,reuse-requested,False
M0091,guided-speed175-followup-20261005,thecodacus,27c54b4bbcefadedcec6397477cc2e866c1db716,UD-IQ3_XXS,context-quality,gpu-mtp2-cache64,32768,8192,8192,0,197,559.8889462462187,41.31120935403812,14.836953897029161,18.372227676096372,19.581763730035163,True,True,eos,0,1,PASS_QA_NOT_PRODUCTION_ACCEPTANCE,14,99,4096,4096,q8_0,q8_0,64,2,mmap,native default ON,natural-quality,False
M0092,guided-speed175-followup-20261005,thecodacus,27c54b4bbcefadedcec6397477cc2e866c1db716,UD-IQ3_XXS,context-quality,gpu-mtp2-cache64,32768,16384,16384,0,201,554.927942349273,39.999704002190384,29.723210864933208,33.40038581995759,34.723707247991115,True,True,eos,0,1,PASS_QA_NOT_PRODUCTION_ACCEPTANCE,14,99,4096,4096,q8_0,q8_0,64,2,mmap,native default ON,natural-quality,False
M0093,guided-speed175-followup-20261005,thecodacus,27c54b4bbcefadedcec6397477cc2e866c1db716,UD-IQ3_XXS,context-quality,gpu-mtp2-cache64,32768,28672,28672,0,280,541.3339490302141,34.60222203315711,53.24895716004539,59.878958277986385,61.31284925097134,True,True,eos,0,1,PASS_QA_NOT_PRODUCTION_ACCEPTANCE,14,99,4096,4096,q8_0,q8_0,64,2,mmap,native default ON,natural-quality,False
M0094,guided-speed175-followup-20261005,thecodacus,27c54b4bbcefadedcec6397477cc2e866c1db716,UD-IQ3_XXS,synthetic-speed,hybrid-mtp2-b8192-cache72,32768,8192,8192,0,512,617.742310212965,28.34371373315054,13.263563175918534,,31.292489203973673,,False,limit,0,1,PASS_QA_NOT_PRODUCTION_ACCEPTANCE,14,99,8192,8192,q8_0,q8_0,72,2,mmap,native default ON,fresh-prompt,False
M0095,guided-speed175-followup-20261005,thecodacus,27c54b4bbcefadedcec6397477cc2e866c1db716,UD-IQ3_XXS,synthetic-speed,hybrid-mtp2-b8192-cache72,32768,8192,4,8188,512,27.683193533205994,29.31069392924479,0.1469153050566092,,17.581206753035076,,False,limit,0,1,PASS_QA_NOT_PRODUCTION_ACCEPTANCE,14,99,8192,8192,q8_0,q8_0,72,2,mmap,native default ON,reuse-requested,False
M0096,guided-speed175-followup-20261005,thecodacus,27c54b4bbcefadedcec6397477cc2e866c1db716,UD-IQ3_XXS,synthetic-speed,hybrid-mtp2-b8192-cache72,32768,8192,8192,0,512,675.0750538918711,29.5254599890438,12.137349101016298,,29.444807959022,,False,limit,1,1,PASS_QA_NOT_PRODUCTION_ACCEPTANCE,14,99,8192,8192,q8_0,q8_0,72,2,mmap,native default ON,fresh-prompt,False
M0097,guided-speed175-followup-20261005,thecodacus,27c54b4bbcefadedcec6397477cc2e866c1db716,UD-IQ3_XXS,synthetic-speed,hybrid-mtp2-b8192-cache72,32768,8192,4,8188,512,28.113183677485555,29.677609399450635,0.144311262993142,,17.3630022269208,,False,limit,1,1,PASS_QA_NOT_PRODUCTION_ACCEPTANCE,14,99,8192,8192,q8_0,q8_0,72,2,mmap,native default ON,reuse-requested,False
M0098,guided-speed175-followup-20261005,thecodacus,27c54b4bbcefadedcec6397477cc2e866c1db716,UD-IQ3_XXS,synthetic-speed,hybrid-mtp2-b8192-cache72,32768,8192,8192,0,512,674.4256905474448,29.802384529028135,12.148791228886694,,29.295278781908564,,False,limit,2,1,PASS_QA_NOT_PRODUCTION_ACCEPTANCE,14,99,8192,8192,q8_0,q8_0,72,2,mmap,native default ON,fresh-prompt,False
M0099,guided-speed175-followup-20261005,thecodacus,27c54b4bbcefadedcec6397477cc2e866c1db716,UD-IQ3_XXS,synthetic-speed,hybrid-mtp2-b8192-cache72,32768,8192,4,8188,512,28.384899233607722,29.81937917686492,0.1429872380103916,,17.279761346057057,,False,limit,2,1,PASS_QA_NOT_PRODUCTION_ACCEPTANCE,14,99,8192,8192,q8_0,q8_0,72,2,mmap,native default ON,reuse-requested,False
M0100,guided-speed175-followup-20261005,thecodacus,27c54b4bbcefadedcec6397477cc2e866c1db716,UD-IQ3_XXS,context-quality,hybrid-mtp2-b8192-cache72,32768,8192,8192,0,234,668.8757857167586,31.325271400538096,12.452425417024642,18.37180999503471,19.890684521989897,True,True,eos,0,1,PASS_QA_NOT_PRODUCTION_ACCEPTANCE,14,99,8192,8192,q8_0,q8_0,72,2,mmap,native default ON,natural-quality,False
M0101,guided-speed175-followup-20261005,thecodacus,27c54b4bbcefadedcec6397477cc2e866c1db716,UD-IQ3_XXS,context-quality,hybrid-mtp2-b8192-cache72,32768,16384,16384,0,196,655.118942433942,28.31100055141118,25.162763239000924,30.25735165493097,32.05092449299991,True,True,eos,0,1,PASS_QA_NOT_PRODUCTION_ACCEPTANCE,14,99,8192,8192,q8_0,q8_0,72,2,mmap,native default ON,natural-quality,False
M0102,guided-speed175-followup-20261005,thecodacus,27c54b4bbcefadedcec6397477cc2e866c1db716,UD-IQ3_XXS,context-quality,hybrid-mtp2-b8192-cache72,32768,28672,28672,0,250,619.2538086636182,21.92285058335913,46.57119872991461,55.588035363005474,57.929866853985004,True,True,eos,0,1,PASS_QA_NOT_PRODUCTION_ACCEPTANCE,14,99,8192,8192,q8_0,q8_0,72,2,mmap,native default ON,natural-quality,False
M0103,guided-speed175-native-profile-20261005,thecodacus,27c54b4bbcefadedcec6397477cc2e866c1db716,UD-IQ3_XXS,synthetic-speed,batch8192-cache80,32768,16384,16384,0,512,728.3932526884397,29.17481962996052,22.496896425029263,,40.01230204303283,,False,limit,0,1,PASS_QA_NOT_PRODUCTION_ACCEPTANCE,14,99,8192,8192,q8_0,q8_0,80,,mmap,native default ON,fresh-prompt,False
M0104,guided-speed175-native-profile-20261005,thecodacus,27c54b4bbcefadedcec6397477cc2e866c1db716,UD-IQ3_XXS,synthetic-speed,batch8192-cache80,32768,16384,4,16380,512,31.255860473838844,29.277874126111318,0.13158258702605963,,17.585375369992107,,False,limit,0,1,PASS_QA_NOT_PRODUCTION_ACCEPTANCE,14,99,8192,8192,q8_0,q8_0,80,,mmap,native default ON,reuse-requested,False
M0105,guided-speed175-native-profile-20261005,thecodacus,27c54b4bbcefadedcec6397477cc2e866c1db716,UD-IQ3_XXS,synthetic-speed,batch8192-cache80,32768,16384,16384,0,512,738.4554364409549,29.203512765392635,22.190182188991457,,39.68843077297788,,False,limit,1,1,PASS_QA_NOT_PRODUCTION_ACCEPTANCE,14,99,8192,8192,q8_0,q8_0,80,,mmap,native default ON,fresh-prompt,False
M0106,guided-speed175-native-profile-20261005,thecodacus,27c54b4bbcefadedcec6397477cc2e866c1db716,UD-IQ3_XXS,synthetic-speed,batch8192-cache80,32768,16384,4,16380,512,30.377362789249453,29.15619739510202,0.13534292893018574,,17.661939516896382,,False,limit,1,1,PASS_QA_NOT_PRODUCTION_ACCEPTANCE,14,99,8192,8192,q8_0,q8_0,80,,mmap,native default ON,reuse-requested,False
M0107,guided-speed175-native-profile-20261005,thecodacus,27c54b4bbcefadedcec6397477cc2e866c1db716,UD-IQ3_XXS,synthetic-speed,batch8192-cache80,32768,16384,16384,0,512,733.1727370004143,29.214515440671807,22.350723957060836,,39.842323561082594,,False,limit,2,1,PASS_QA_NOT_PRODUCTION_ACCEPTANCE,14,99,8192,8192,q8_0,q8_0,80,,mmap,native default ON,fresh-prompt,False
M0108,guided-speed175-native-profile-20261005,thecodacus,27c54b4bbcefadedcec6397477cc2e866c1db716,UD-IQ3_XXS,synthetic-speed,batch8192-cache80,32768,16384,4,16380,512,30.177519257029473,29.158120607915436,0.13607460900675505,,17.661557474988513,,False,limit,2,1,PASS_QA_NOT_PRODUCTION_ACCEPTANCE,14,99,8192,8192,q8_0,q8_0,80,,mmap,native default ON,reuse-requested,False
M0109,guided-speed175-native-profile-20261005,thecodacus,27c54b4bbcefadedcec6397477cc2e866c1db716,UD-IQ3_XXS,context-quality,batch8192-cache80,32768,8192,8192,0,229,741.775008194658,31.674470904358937,11.282092108973302,16.754507174016908,18.480463362997398,True,True,eos,0,1,PASS_QA_NOT_PRODUCTION_ACCEPTANCE,14,99,8192,8192,q8_0,q8_0,80,,mmap,native default ON,natural-quality,False
M0110,guided-speed175-native-profile-20261005,thecodacus,27c54b4bbcefadedcec6397477cc2e866c1db716,UD-IQ3_XXS,context-quality,batch8192-cache80,32768,16384,16384,0,214,729.0009332315414,30.198035312987038,22.617225420079194,27.879771708045155,29.670996692031622,True,True,eos,0,1,PASS_QA_NOT_PRODUCTION_ACCEPTANCE,14,99,8192,8192,q8_0,q8_0,80,,mmap,native default ON,natural-quality,False
M0111,guided-speed175-native-profile-20261005,thecodacus,27c54b4bbcefadedcec6397477cc2e866c1db716,UD-IQ3_XXS,context-quality,batch8192-cache80,32768,28672,28672,0,266,683.1259875687844,27.801228142858026,42.20585076708812,49.78476845601108,51.738438492058776,True,True,eos,0,1,PASS_QA_NOT_PRODUCTION_ACCEPTANCE,14,99,8192,8192,q8_0,q8_0,80,,mmap,native default ON,natural-quality,False
M0112,guided-speed175-native-profile-20261005,thecodacus,27c54b4bbcefadedcec6397477cc2e866c1db716,UD-IQ3_XXS,synthetic-speed,batch8192-cache80-t16,32768,16384,16384,0,512,721.1452018205218,29.0464224357068,22.72307613794692,,40.31595078203827,,False,limit,0,1,PASS_QA_NOT_PRODUCTION_ACCEPTANCE,16,99,8192,8192,q8_0,q8_0,80,,mmap,native default ON,fresh-prompt,False
M0113,guided-speed175-native-profile-20261005,thecodacus,27c54b4bbcefadedcec6397477cc2e866c1db716,UD-IQ3_XXS,synthetic-speed,batch8192-cache80-t16,32768,16384,4,16380,512,30.283300274063865,29.11362403657264,0.13574673200491816,,17.688089537085034,,False,limit,0,1,PASS_QA_NOT_PRODUCTION_ACCEPTANCE,16,99,8192,8192,q8_0,q8_0,80,,mmap,native default ON,reuse-requested,False
M0114,guided-speed175-native-profile-20261005,thecodacus,27c54b4bbcefadedcec6397477cc2e866c1db716,UD-IQ3_XXS,synthetic-speed,batch8192-cache80-t16,32768,16384,16384,0,512,735.3114095880228,29.065347717969203,22.285230330075137,,39.86661887704395,,False,limit,1,1,PASS_QA_NOT_PRODUCTION_ACCEPTANCE,16,99,8192,8192,q8_0,q8_0,80,,mmap,native default ON,fresh-prompt,False
M0115,guided-speed175-native-profile-20261005,thecodacus,27c54b4bbcefadedcec6397477cc2e866c1db716,UD-IQ3_XXS,synthetic-speed,batch8192-cache80-t16,32768,16384,4,16380,512,31.516163852535872,28.998692732121768,0.13074297399725765,,17.752543167909607,,False,limit,1,1,PASS_QA_NOT_PRODUCTION_ACCEPTANCE,16,99,8192,8192,q8_0,q8_0,80,,mmap,native default ON,reuse-requested,False
M0116,guided-speed175-native-profile-20261005,thecodacus,27c54b4bbcefadedcec6397477cc2e866c1db716,UD-IQ3_XXS,synthetic-speed,batch8192-cache80-t16,32768,16384,16384,0,512,732.2747410445177,29.014741703217574,22.377819834975526,,39.98992324399296,,False,limit,2,1,PASS_QA_NOT_PRODUCTION_ACCEPTANCE,16,99,8192,8192,q8_0,q8_0,80,,mmap,native default ON,fresh-prompt,False
M0117,guided-speed175-native-profile-20261005,thecodacus,27c54b4bbcefadedcec6397477cc2e866c1db716,UD-IQ3_XXS,synthetic-speed,batch8192-cache80-t16,32768,16384,4,16380,512,31.23218789284236,29.047332201491624,0.13176289503462613,,17.724093134049326,,False,limit,2,1,PASS_QA_NOT_PRODUCTION_ACCEPTANCE,16,99,8192,8192,q8_0,q8_0,80,,mmap,native default ON,reuse-requested,False
M0118,guided-speed175-native-profile-20261005,thecodacus,27c54b4bbcefadedcec6397477cc2e866c1db716,UD-IQ3_XXS,context-quality,batch8192-cache80-t16,32768,8192,8192,0,229,740.7409416795813,31.79955790246211,11.299527965020388,16.751020528026856,18.46961641998496,True,True,eos,0,1,PASS_QA_NOT_PRODUCTION_ACCEPTANCE,16,99,8192,8192,q8_0,q8_0,80,,mmap,native default ON,natural-quality,False
M0119,guided-speed175-native-profile-20261005,thecodacus,27c54b4bbcefadedcec6397477cc2e866c1db716,UD-IQ3_XXS,context-quality,batch8192-cache80-t16,32768,16384,16384,0,214,728.5992643566607,30.16164944856575,22.630873083951883,27.904579736990854,29.693167435005307,True,True,eos,0,1,PASS_QA_NOT_PRODUCTION_ACCEPTANCE,16,99,8192,8192,q8_0,q8_0,80,,mmap,native default ON,natural-quality,False
M0120,guided-speed175-native-profile-20261005,thecodacus,27c54b4bbcefadedcec6397477cc2e866c1db716,UD-IQ3_XXS,context-quality,batch8192-cache80-t16,32768,28672,28672,0,266,681.8353146080696,27.689143494336474,42.28948719101027,49.89667164697312,51.86055858398322,True,True,eos,0,1,PASS_QA_NOT_PRODUCTION_ACCEPTANCE,16,99,8192,8192,q8_0,q8_0,80,,mmap,native default ON,natural-quality,False
M0121,guided-speed175-native-profile-20261005,thecodacus,27c54b4bbcefadedcec6397477cc2e866c1db716,UD-IQ3_XXS,synthetic-speed,batch16384-cache16-t16,32768,16384,16384,0,512,836.0634414165438,26.48522919804229,19.60031588107813,,38.89446728199255,,False,limit,0,1,PASS_QA_NOT_PRODUCTION_ACCEPTANCE,16,99,16384,16384,q8_0,q8_0,16,,mmap,native default ON,fresh-prompt,False
M0122,guided-speed175-native-profile-20261005,thecodacus,27c54b4bbcefadedcec6397477cc2e866c1db716,UD-IQ3_XXS,synthetic-speed,batch16384-cache16-t16,32768,16384,4,16380,512,29.959853795913475,26.623020889693425,0.13713911699596792,,19.33140889101196,,False,limit,0,1,PASS_QA_NOT_PRODUCTION_ACCEPTANCE,16,99,16384,16384,q8_0,q8_0,16,,mmap,native default ON,reuse-requested,False
M0123,guided-speed175-native-profile-20261005,thecodacus,27c54b4bbcefadedcec6397477cc2e866c1db716,UD-IQ3_XXS,synthetic-speed,batch16384-cache16-t16,32768,16384,16384,0,512,860.5145061611031,26.63710972659535,19.04368635697756,,38.22778004792053,,False,limit,1,1,PASS_QA_NOT_PRODUCTION_ACCEPTANCE,16,99,16384,16384,q8_0,q8_0,16,,mmap,native default ON,fresh-prompt,False
M0124,guided-speed175-native-profile-20261005,thecodacus,27c54b4bbcefadedcec6397477cc2e866c1db716,UD-IQ3_XXS,synthetic-speed,batch16384-cache16-t16,32768,16384,4,16380,512,30.25100773669523,26.56770240845841,0.1359894439810887,,19.370243423967622,,False,limit,1,1,PASS_QA_NOT_PRODUCTION_ACCEPTANCE,16,99,16384,16384,q8_0,q8_0,16,,mmap,native default ON,reuse-requested,False
M0125,guided-speed175-native-profile-20261005,thecodacus,27c54b4bbcefadedcec6397477cc2e866c1db716,UD-IQ3_XXS,synthetic-speed,batch16384-cache16-t16,32768,16384,16384,0,512,859.3896130722056,26.661221029661572,19.06826986197848,,38.23502183298115,,False,limit,2,1,PASS_QA_NOT_PRODUCTION_ACCEPTANCE,16,99,16384,16384,q8_0,q8_0,16,,mmap,native default ON,fresh-prompt,False
M0126,guided-speed175-native-profile-20261005,thecodacus,27c54b4bbcefadedcec6397477cc2e866c1db716,UD-IQ3_XXS,synthetic-speed,batch16384-cache16-t16,32768,16384,4,16380,512,29.120771118019203,26.629887196631646,0.14107738505117595,,19.330419238074683,,False,limit,2,1,PASS_QA_NOT_PRODUCTION_ACCEPTANCE,16,99,16384,16384,q8_0,q8_0,16,,mmap,native default ON,reuse-requested,False
M0127,guided-speed175-native-profile-20261005,thecodacus,27c54b4bbcefadedcec6397477cc2e866c1db716,UD-IQ3_XXS,context-quality,batch16384-cache16-t16,32768,8192,8192,0,267,737.4627949029726,28.16991798000084,11.341006714035757,18.96795085608028,20.783831560984254,True,True,eos,0,1,PASS_QA_NOT_PRODUCTION_ACCEPTANCE,16,99,16384,16384,q8_0,q8_0,16,,mmap,native default ON,natural-quality,False
M0128,guided-speed175-native-profile-20261005,thecodacus,27c54b4bbcefadedcec6397477cc2e866c1db716,UD-IQ3_XXS,context-quality,batch16384-cache16-t16,32768,16384,16384,0,198,860.5545513534773,27.011681249546665,19.183133386075497,24.60555438697338,26.47660952003207,True,True,eos,0,1,PASS_QA_NOT_PRODUCTION_ACCEPTANCE,16,99,16384,16384,q8_0,q8_0,16,,mmap,native default ON,natural-quality,False
M0129,guided-speed175-native-profile-20261005,thecodacus,27c54b4bbcefadedcec6397477cc2e866c1db716,UD-IQ3_XXS,context-quality,batch16384-cache16-t16,32768,28672,28672,0,233,803.7063330164142,25.14148315461026,35.86995446495712,43.08858014794532,45.09842677600682,True,True,eos,0,1,PASS_QA_NOT_PRODUCTION_ACCEPTANCE,16,99,16384,16384,q8_0,q8_0,16,,mmap,native default ON,natural-quality,False
M0130,http-baseline6-cache32-vision-20261004,thecodacus,27c54b4bbcefadedcec6397477cc2e866c1db716,UD-Q4_K_XL,synthetic-speed,http-baseline6-cache32-vision-20261004,131072,8192,8192,0,512,135.97496799102444,18.924018805364096,60.448522896971554,,87.45116588496603,,False,limit,0,1,NO_SUMMARY_STATUS,,,,,,,,,,,fresh-prompt,False
M0131,http-baseline6-cache32-vision-20261004,thecodacus,27c54b4bbcefadedcec6397477cc2e866c1db716,UD-Q4_K_XL,synthetic-speed,http-baseline6-cache32-vision-20261004,131072,8192,4,8188,512,25.84313218762114,19.1032707865082,0.15681684704031795,,26.906548556988128,,False,limit,0,1,NO_SUMMARY_STATUS,,,,,,,,,,,reuse-requested,False
M0132,http-baseline6-cache32-vision-20261004,thecodacus,27c54b4bbcefadedcec6397477cc2e866c1db716,UD-Q4_K_XL,synthetic-speed,http-baseline6-cache32-vision-20261004,131072,8192,8192,0,512,137.92579306110355,19.765210954367273,59.39643986092415,,85.25020701193716,,False,limit,1,1,NO_SUMMARY_STATUS,,,,,,,,,,,fresh-prompt,False
M0133,http-baseline6-cache32-vision-20261004,thecodacus,27c54b4bbcefadedcec6397477cc2e866c1db716,UD-Q4_K_XL,synthetic-speed,http-baseline6-cache32-vision-20261004,131072,8192,4,8188,512,24.87979946881628,20.100038402480415,0.16326227993704379,,25.586398171028122,,False,limit,1,1,NO_SUMMARY_STATUS,,,,,,,,,,,reuse-requested,False
M0134,http-baseline6-cache32-vision-20261004,thecodacus,27c54b4bbcefadedcec6397477cc2e866c1db716,UD-Q4_K_XL,synthetic-speed,http-baseline6-cache32-vision-20261004,131072,8192,8192,0,512,137.87256075005502,19.12872154705613,59.419240541988984,,86.13324229698628,,False,limit,2,1,NO_SUMMARY_STATUS,,,,,,,,,,,fresh-prompt,False
M0135,http-baseline6-cache32-vision-20261004,thecodacus,27c54b4bbcefadedcec6397477cc2e866c1db716,UD-Q4_K_XL,synthetic-speed,http-baseline6-cache32-vision-20261004,131072,8192,4,8188,512,24.423304717361308,19.372168123578813,0.16597582306712866,,26.544317853986286,,False,limit,2,1,NO_SUMMARY_STATUS,,,,,,,,,,,reuse-requested,False
M0136,http-baseline6-cache32-vision-20261004,thecodacus,27c54b4bbcefadedcec6397477cc2e866c1db716,UD-Q4_K_XL,context-quality,http-baseline6-cache32-vision-20261004,131072,8192,8192,0,196,136.68407992701685,20.026307378965107,60.12144565396011,,69.85887019801885,True,True,eos,0,1,NO_SUMMARY_STATUS,,,,,,,,,,,unknown,False
M0137,http-baseline6-cache32-vision-20261004,thecodacus,27c54b4bbcefadedcec6397477cc2e866c1db716,UD-Q4_K_XL,context-quality,http-baseline6-cache32-vision-20261004,131072,8192,8192,0,192,137.0880670510588,19.79474815276654,59.759238964063115,,69.40863966301549,True,True,eos,1,1,NO_SUMMARY_STATUS,,,,,,,,,,,unknown,False
M0138,http-baseline6-cache32-vision-20261004,thecodacus,27c54b4bbcefadedcec6397477cc2e866c1db716,UD-Q4_K_XL,context-quality,http-baseline6-cache32-vision-20261004,131072,8192,8192,0,222,137.1042491371654,20.019300054613737,59.75245083705522,,70.79209305497352,True,True,eos,2,1,NO_SUMMARY_STATUS,,,,,,,,,,,unknown,False
M0139,http-batch1024-cache32-vision-20261005,thecodacus,27c54b4bbcefadedcec6397477cc2e866c1db716,UD-Q4_K_XL,synthetic-speed,http-batch1024-cache32-vision-20261005,131072,8192,8192,0,512,219.6513410341792,19.711903015276956,37.432222625939175,,63.35588111798279,,False,limit,0,1,NO_SUMMARY_STATUS,,,,,,,,,,,fresh-prompt,False
M0140,http-batch1024-cache32-vision-20261005,thecodacus,27c54b4bbcefadedcec6397477cc2e866c1db716,UD-Q4_K_XL,synthetic-speed,http-batch1024-cache32-vision-20261005,131072,8192,4,8188,512,26.910294533173666,19.92263778531381,0.15107160597108305,,25.80050667701289,,False,limit,0,1,NO_SUMMARY_STATUS,,,,,,,,,,,reuse-requested,False
M0141,http-batch1024-cache32-vision-20261005,thecodacus,27c54b4bbcefadedcec6397477cc2e866c1db716,UD-Q4_K_XL,synthetic-speed,http-batch1024-cache32-vision-20261005,131072,8192,8192,0,512,225.27059213689589,19.79701972333297,36.36733056406956,,62.17954571999144,,False,limit,1,1,NO_SUMMARY_STATUS,,,,,,,,,,,fresh-prompt,False
M0142,http-batch1024-cache32-vision-20261005,thecodacus,27c54b4bbcefadedcec6397477cc2e866c1db716,UD-Q4_K_XL,synthetic-speed,http-batch1024-cache32-vision-20261005,131072,8192,4,8188,512,28.05226136291912,20.134307255911814,0.14459146198350936,,25.524391956045292,,False,limit,1,1,NO_SUMMARY_STATUS,,,,,,,,,,,reuse-requested,False
M0143,http-batch1024-cache32-vision-20261005,thecodacus,27c54b4bbcefadedcec6397477cc2e866c1db716,UD-Q4_K_XL,synthetic-speed,http-batch1024-cache32-vision-20261005,131072,8192,8192,0,512,224.31239092940052,20.311497281300124,36.52266518503893,,61.68127716402523,,False,limit,2,1,NO_SUMMARY_STATUS,,,,,,,,,,,fresh-prompt,False
M0144,http-batch1024-cache32-vision-20261005,thecodacus,27c54b4bbcefadedcec6397477cc2e866c1db716,UD-Q4_K_XL,synthetic-speed,http-batch1024-cache32-vision-20261005,131072,8192,4,8188,512,28.73232961728537,20.484727172697955,0.14132876694202423,,25.086986107984558,,False,limit,2,1,NO_SUMMARY_STATUS,,,,,,,,,,,reuse-requested,False
M0145,http-context32-cache32-u1024-20261005,thecodacus,27c54b4bbcefadedcec6397477cc2e866c1db716,UD-Q4_K_XL,synthetic-speed,http-context32-cache32-u1024-20261005,32768,8192,8192,0,512,223.9516999169695,19.89508167106227,36.71900167898275,,62.4039983630646,,False,limit,0,1,NO_SUMMARY_STATUS,,,,,,,,,,,fresh-prompt,False
M0146,http-context32-cache32-u1024-20261005,thecodacus,27c54b4bbcefadedcec6397477cc2e866c1db716,UD-Q4_K_XL,synthetic-speed,http-context32-cache32-u1024-20261005,32768,8192,4,8188,512,28.604528096797726,19.837966902662124,0.14218002697452903,,25.901084744022228,,False,limit,0,1,NO_SUMMARY_STATUS,,,,,,,,,,,reuse-requested,False
M0147,http-context32-cache32-u1024-20261005,thecodacus,27c54b4bbcefadedcec6397477cc2e866c1db716,UD-Q4_K_XL,synthetic-speed,http-context32-cache32-u1024-20261005,32768,8192,8192,0,512,224.8140358164545,20.086194538371096,36.441216803039424,,61.88182112306822,,False,limit,1,1,NO_SUMMARY_STATUS,,,,,,,,,,,fresh-prompt,False
M0148,http-context32-cache32-u1024-20261005,thecodacus,27c54b4bbcefadedcec6397477cc2e866c1db716,UD-Q4_K_XL,synthetic-speed,http-context32-cache32-u1024-20261005,32768,8192,4,8188,512,26.619992945701867,20.098470706970588,0.1523604680551216,,25.57738233206328,,False,limit,1,1,NO_SUMMARY_STATUS,,,,,,,,,,,reuse-requested,False
M0149,http-context32-cache32-u1024-20261005,thecodacus,27c54b4bbcefadedcec6397477cc2e866c1db716,UD-Q4_K_XL,synthetic-speed,http-context32-cache32-u1024-20261005,32768,8192,8192,0,512,224.38426418792906,20.470197635551965,36.51112818601541,,61.47448069206439,,False,limit,2,1,NO_SUMMARY_STATUS,,,,,,,,,,,fresh-prompt,False
M0150,http-context32-cache32-u1024-20261005,thecodacus,27c54b4bbcefadedcec6397477cc2e866c1db716,UD-Q4_K_XL,synthetic-speed,http-context32-cache32-u1024-20261005,32768,8192,4,8188,512,28.382885120272473,20.47492284740545,0.14333584799896926,,25.100918764946982,,False,limit,2,1,NO_SUMMARY_STATUS,,,,,,,,,,,reuse-requested,False
M0151,http-threads14-cache32-vision-20261004,thecodacus,27c54b4bbcefadedcec6397477cc2e866c1db716,UD-Q4_K_XL,synthetic-speed,http-threads14-cache32-vision-20261004,131072,8192,8192,0,512,138.10900516232985,19.628073738102113,59.51203510002233,,85.5463996110484,,False,limit,0,1,NO_SUMMARY_STATUS,,,,,,,,,,,fresh-prompt,False
M0152,http-threads14-cache32-vision-20261004,thecodacus,27c54b4bbcefadedcec6397477cc2e866c1db716,UD-Q4_K_XL,synthetic-speed,http-threads14-cache32-vision-20261004,131072,8192,4,8188,512,28.50606822927431,19.61028793313744,0.1429221259895712,,26.200834693969227,,False,limit,0,1,NO_SUMMARY_STATUS,,,,,,,,,,,reuse-requested,False
M0153,http-threads14-cache32-vision-20261004,thecodacus,27c54b4bbcefadedcec6397477cc2e866c1db716,UD-Q4_K_XL,synthetic-speed,http-threads14-cache32-vision-20261004,131072,8192,8192,0,512,137.94958353606745,20.44456977023504,59.38631085399538,,84.3809008699609,,False,limit,1,1,NO_SUMMARY_STATUS,,,,,,,,,,,fresh-prompt,False
M0154,http-threads14-cache32-vision-20261004,thecodacus,27c54b4bbcefadedcec6397477cc2e866c1db716,UD-Q4_K_XL,synthetic-speed,http-threads14-cache32-vision-20261004,131072,8192,4,8188,512,28.969972623375867,20.4785775443781,0.14040725002996624,,25.093469239072874,,False,limit,1,1,NO_SUMMARY_STATUS,,,,,,,,,,,reuse-requested,False
M0155,http-threads14-cache32-vision-20261004,thecodacus,27c54b4bbcefadedcec6397477cc2e866c1db716,UD-Q4_K_XL,synthetic-speed,http-threads14-cache32-vision-20261004,131072,8192,8192,0,512,138.02165302293199,19.75518798878385,59.35556529497262,,85.22237887396477,,False,limit,2,1,NO_SUMMARY_STATUS,,,,,,,,,,,fresh-prompt,False
M0156,http-threads14-cache32-vision-20261004,thecodacus,27c54b4bbcefadedcec6397477cc2e866c1db716,UD-Q4_K_XL,synthetic-speed,http-threads14-cache32-vision-20261004,131072,8192,4,8188,512,28.6582220439044,19.72639528345363,0.14193322404753417,,26.046515246038325,,False,limit,2,1,NO_SUMMARY_STATUS,,,,,,,,,,,reuse-requested,False
M0157,ik178/results/control32-noMTP,ik_llama.cpp,3d27f5bb6348c4d79edded63b03e9a93efb2f80e,UD-IQ3_XXS,context-quality,ik-ctx32768-cpu43-f16-u8192-MTP0,32768,8192,8192,,298,1093.2393581649378,31.055434575995353,7.496807857998647,15.475937849027105,17.092680150992237,True,True,eos,0,1,PASS_FINITE_PROTOCOL_AND_RETRIEVAL_NOT_PRODUCTION_ACCEPTANCE,14,43,8192,8192,f16,f16,,0,,native ON,fresh-prompt,False
M0158,ik178/results/control32-noMTP,ik_llama.cpp,3d27f5bb6348c4d79edded63b03e9a93efb2f80e,UD-IQ3_XXS,context-quality,ik-ctx32768-cpu43-f16-u8192-MTP0,32768,28672,28672,,207,1089.7492421317004,30.913369091290317,26.31850827904418,31.408315518056042,33.015457367990166,True,True,eos,0,1,PASS_FINITE_PROTOCOL_AND_RETRIEVAL_NOT_PRODUCTION_ACCEPTANCE,14,43,8192,8192,f16,f16,,0,,native ON,fresh-prompt,False
M0159,ik178/results/control32-noMTP,ik_llama.cpp,3d27f5bb6348c4d79edded63b03e9a93efb2f80e,UD-IQ3_XXS,synthetic-speed,ik-ctx32768-cpu43-f16-u8192-MTP0,32768,8192,8192,,512,1223.08361296391,30.944034812039163,6.701010520919226,,23.246994526009075,,False,,0,1,PASS_FINITE_PROTOCOL_AND_RETRIEVAL_NOT_PRODUCTION_ACCEPTANCE,14,43,8192,8192,f16,f16,,0,,native ON,fresh-prompt,False
M0160,ik178/results/control32-noMTP,ik_llama.cpp,3d27f5bb6348c4d79edded63b03e9a93efb2f80e,UD-IQ3_XXS,synthetic-speed,ik-ctx32768-cpu43-f16-u8192-MTP0,32768,28672,28672,,512,1089.8358138323854,30.732145343839882,26.316806601011194,,42.97757345298305,,False,,0,1,PASS_FINITE_PROTOCOL_AND_RETRIEVAL_NOT_PRODUCTION_ACCEPTANCE,14,43,8192,8192,f16,f16,,0,,native ON,fresh-prompt,False
M0161,ik178/results/mtp32-n1-mainU4096-draftU512,ik_llama.cpp,3d27f5bb6348c4d79edded63b03e9a93efb2f80e,UD-IQ3_XXS,context-quality,ik-ctx32768-cpu43-f16-u4096-MTP1,32768,8192,8192,,229,690.5125580649667,37.54855487253987,11.86687953909859,16.75581375102047,17.96754529606551,True,True,eos,0,1,PASS_FINITE_PROTOCOL_AND_RETRIEVAL_NOT_PRODUCTION_ACCEPTANCE,14,43,8192,4096,f16,f16,,1,,native ON,fresh-prompt,False
M0162,ik178/results/mtp32-n1-mainU4096-draftU512,ik_llama.cpp,3d27f5bb6348c4d79edded63b03e9a93efb2f80e,UD-IQ3_XXS,context-quality,ik-ctx32768-cpu43-f16-u4096-MTP1,32768,28672,28672,,232,786.1079330688536,33.96443747718014,36.481240329914726,42.00274185498711,43.314450152916834,True,True,eos,0,1,PASS_FINITE_PROTOCOL_AND_RETRIEVAL_NOT_PRODUCTION_ACCEPTANCE,14,43,8192,4096,f16,f16,,1,,native ON,fresh-prompt,False
M0163,ik178/results/mtp32-n1-mainU4096-draftU512,ik_llama.cpp,3d27f5bb6348c4d79edded63b03e9a93efb2f80e,UD-IQ3_XXS,synthetic-speed,ik-ctx32768-cpu43-f16-u4096-MTP1,32768,8192,8192,,512,911.1286940362667,33.87865394020325,8.994098813040182,,24.108653538976796,,False,,0,1,PASS_FINITE_PROTOCOL_AND_RETRIEVAL_NOT_PRODUCTION_ACCEPTANCE,14,43,8192,4096,f16,f16,,1,,native ON,fresh-prompt,False
M0164,ik178/results/mtp32-n1-mainU4096-draftU512,ik_llama.cpp,3d27f5bb6348c4d79edded63b03e9a93efb2f80e,UD-IQ3_XXS,synthetic-speed,ik-ctx32768-cpu43-f16-u4096-MTP1,32768,28672,28672,,512,851.6968839544281,34.26291568043674,33.672981166047975,,48.65918868605513,,False,,0,1,PASS_FINITE_PROTOCOL_AND_RETRIEVAL_NOT_PRODUCTION_ACCEPTANCE,14,43,8192,4096,f16,f16,,1,,native ON,fresh-prompt,False
M0165,iq3-author32-accept-20261005,thecodacus,27c54b4bbcefadedcec6397477cc2e866c1db716,UD-IQ3_XXS,synthetic-speed,author-control,32768,8192,8192,0,512,153.96036347576046,25.60127679729731,53.21118436998222,,73.17089010495692,,False,limit,0,1,PASS_QA_NOT_PRODUCTION_ACCEPTANCE,6,99,2048,512,q8_0,q8_0,48,,mmap,native default,fresh-prompt,False
M0166,iq3-author32-accept-20261005,thecodacus,27c54b4bbcefadedcec6397477cc2e866c1db716,UD-IQ3_XXS,synthetic-speed,author-control,32768,8192,4,8188,512,24.918857968739296,26.853951343477963,0.16275122400838882,,19.191825138987042,,False,limit,0,1,PASS_QA_NOT_PRODUCTION_ACCEPTANCE,6,99,2048,512,q8_0,q8_0,48,,mmap,native default,reuse-requested,False
M0167,iq3-author32-accept-20261005,thecodacus,27c54b4bbcefadedcec6397477cc2e866c1db716,UD-IQ3_XXS,synthetic-speed,author-control,32768,8192,8192,0,512,183.06861980384127,26.845875934962795,44.75023569702171,,63.78504327801056,,False,limit,1,1,PASS_QA_NOT_PRODUCTION_ACCEPTANCE,6,99,2048,512,q8_0,q8_0,48,,mmap,native default,fresh-prompt,False
M0168,iq3-author32-accept-20261005,thecodacus,27c54b4bbcefadedcec6397477cc2e866c1db716,UD-IQ3_XXS,synthetic-speed,author-control,32768,8192,4,8188,512,24.642529309208296,26.76213749349277,0.1642445019679144,,19.258666991023347,,False,limit,1,1,PASS_QA_NOT_PRODUCTION_ACCEPTANCE,6,99,2048,512,q8_0,q8_0,48,,mmap,native default,reuse-requested,False
M0169,iq3-author32-accept-20261005,thecodacus,27c54b4bbcefadedcec6397477cc2e866c1db716,UD-IQ3_XXS,synthetic-speed,author-control,32768,8192,8192,0,512,183.26640783567697,26.728225623465935,44.70197176199872,,63.82063777698204,,False,limit,2,1,PASS_QA_NOT_PRODUCTION_ACCEPTANCE,6,99,2048,512,q8_0,q8_0,48,,mmap,native default,fresh-prompt,False
M0170,iq3-author32-accept-20261005,thecodacus,27c54b4bbcefadedcec6397477cc2e866c1db716,UD-IQ3_XXS,synthetic-speed,author-control,32768,8192,4,8188,512,24.679475314354818,26.5562412077924,0.1639714720658958,,19.406496667070314,,False,limit,2,1,PASS_QA_NOT_PRODUCTION_ACCEPTANCE,6,99,2048,512,q8_0,q8_0,48,,mmap,native default,reuse-requested,False
M0171,iq3-author32-accept-20261005,thecodacus,27c54b4bbcefadedcec6397477cc2e866c1db716,UD-IQ3_XXS,context-quality,author-control,32768,8192,8192,0,228,181.47799114142833,27.022445533701628,45.32990919495933,51.696930126985535,53.73062292591203,True,True,eos,0,1,PASS_QA_NOT_PRODUCTION_ACCEPTANCE,6,99,2048,512,q8_0,q8_0,48,,mmap,native default,natural-quality,False
M0172,iq3-author32-accept-20261005,thecodacus,27c54b4bbcefadedcec6397477cc2e866c1db716,UD-IQ3_XXS,context-quality,author-control,32768,16384,16384,0,208,177.48630620675485,26.10203550482093,92.50015258498024,98.34856201498769,100.43094881495927,True,True,eos,0,1,PASS_QA_NOT_PRODUCTION_ACCEPTANCE,6,99,2048,512,q8_0,q8_0,48,,mmap,native default,natural-quality,False
M0173,iq3-author32-accept-20261005,thecodacus,27c54b4bbcefadedcec6397477cc2e866c1db716,UD-IQ3_XXS,synthetic-speed,author-cpu-mtp1,32768,8192,8192,0,512,172.31598190766329,24.906878251328536,47.54310869600158,,68.05983872106299,,False,limit,0,1,PASS_QA_NOT_PRODUCTION_ACCEPTANCE,6,99,2048,512,q8_0,q8_0,48,1,mmap,native default,fresh-prompt,False
M0174,iq3-author32-accept-20261005,thecodacus,27c54b4bbcefadedcec6397477cc2e866c1db716,UD-IQ3_XXS,synthetic-speed,author-cpu-mtp1,32768,8192,4,8188,512,22.09554111980202,25.200754089414154,0.18310097500216216,,20.460627270047553,,False,limit,0,1,PASS_QA_NOT_PRODUCTION_ACCEPTANCE,6,99,2048,512,q8_0,q8_0,48,1,mmap,native default,reuse-requested,False
M0175,iq3-author32-accept-20261005,thecodacus,27c54b4bbcefadedcec6397477cc2e866c1db716,UD-IQ3_XXS,synthetic-speed,author-cpu-mtp1,32768,8192,8192,0,512,174.34364682131434,25.350973311179924,46.99000850494485,,67.14729790901765,,False,limit,1,1,PASS_QA_NOT_PRODUCTION_ACCEPTANCE,6,99,2048,512,q8_0,q8_0,48,1,mmap,native default,fresh-prompt,False
M0176,iq3-author32-accept-20261005,thecodacus,27c54b4bbcefadedcec6397477cc2e866c1db716,UD-IQ3_XXS,synthetic-speed,author-cpu-mtp1,32768,8192,4,8188,512,22.11435332102301,25.138526316618016,0.18298959906678647,,20.51074460404925,,False,limit,1,1,PASS_QA_NOT_PRODUCTION_ACCEPTANCE,6,99,2048,512,q8_0,q8_0,48,1,mmap,native default,reuse-requested,False
M0177,iq3-author32-accept-20261005,thecodacus,27c54b4bbcefadedcec6397477cc2e866c1db716,UD-IQ3_XXS,synthetic-speed,author-cpu-mtp1,32768,8192,8192,0,512,174.22792168335818,25.372645209982224,47.02104788494762,,67.16116033494473,,False,limit,2,1,PASS_QA_NOT_PRODUCTION_ACCEPTANCE,6,99,2048,512,q8_0,q8_0,48,1,mmap,native default,fresh-prompt,False
M0178,iq3-author32-accept-20261005,thecodacus,27c54b4bbcefadedcec6397477cc2e866c1db716,UD-IQ3_XXS,synthetic-speed,author-cpu-mtp1,32768,8192,4,8188,512,21.56496986295462,25.172861448422804,0.1876210740301758,,20.48755923996214,,False,limit,2,1,PASS_QA_NOT_PRODUCTION_ACCEPTANCE,6,99,2048,512,q8_0,q8_0,48,1,mmap,native default,reuse-requested,False
M0179,iq3-author32-accept-20261005,thecodacus,27c54b4bbcefadedcec6397477cc2e866c1db716,UD-IQ3_XXS,context-quality,author-cpu-mtp1,32768,8192,8192,0,236,173.36171905751493,26.254920982184306,47.45166747306939,54.433980384026654,56.40265724307392,True,True,eos,0,1,PASS_QA_NOT_PRODUCTION_ACCEPTANCE,6,99,2048,512,q8_0,q8_0,48,1,mmap,native default,natural-quality,False
M0180,iq3-author32-accept-20261005,thecodacus,27c54b4bbcefadedcec6397477cc2e866c1db716,UD-IQ3_XXS,context-quality,author-cpu-mtp1,32768,16384,16384,0,198,169.15165109366444,21.604954180498314,97.05843690701295,103.7428842659574,106.17716595693491,True,True,eos,0,1,PASS_QA_NOT_PRODUCTION_ACCEPTANCE,6,99,2048,512,q8_0,q8_0,48,1,mmap,native default,natural-quality,False
M0181,iq3-cache96-accept-20261005,thecodacus,27c54b4bbcefadedcec6397477cc2e866c1db716,UD-IQ3_XXS,synthetic-speed,cache96-control,32768,8192,8192,0,512,189.8008721943205,29.884952873593203,43.16337972600013,,60.26249382796232,,False,limit,0,1,PASS_QA_NOT_PRODUCTION_ACCEPTANCE,6,99,2048,512,q8_0,q8_0,96,,mmap,native default,fresh-prompt,False
M0182,iq3-cache96-accept-20261005,thecodacus,27c54b4bbcefadedcec6397477cc2e866c1db716,UD-IQ3_XXS,synthetic-speed,cache96-control,32768,8192,4,8188,512,27.539484736240585,29.887586994957534,0.14737643604166806,,17.245108678005636,,False,limit,0,1,PASS_QA_NOT_PRODUCTION_ACCEPTANCE,6,99,2048,512,q8_0,q8_0,96,,mmap,native default,reuse-requested,False
M0183,iq3-cache96-accept-20261005,thecodacus,27c54b4bbcefadedcec6397477cc2e866c1db716,UD-IQ3_XXS,synthetic-speed,cache96-control,32768,8192,8192,0,512,193.12725815614343,29.66557664540034,42.42007748794276,,59.64565540594049,,False,limit,1,1,PASS_QA_NOT_PRODUCTION_ACCEPTANCE,6,99,2048,512,q8_0,q8_0,96,,mmap,native default,fresh-prompt,False
M0184,iq3-cache96-accept-20261005,thecodacus,27c54b4bbcefadedcec6397477cc2e866c1db716,UD-IQ3_XXS,synthetic-speed,cache96-control,32768,8192,4,8188,512,27.048044088311865,29.835659814157122,0.14972178707830608,,17.277175244060345,,False,limit,1,1,PASS_QA_NOT_PRODUCTION_ACCEPTANCE,6,99,2048,512,q8_0,q8_0,96,,mmap,native default,reuse-requested,False
M0185,iq3-cache96-accept-20261005,thecodacus,27c54b4bbcefadedcec6397477cc2e866c1db716,UD-IQ3_XXS,synthetic-speed,cache96-control,32768,8192,8192,0,512,192.69583066628067,29.910749484361506,42.514497421099804,,59.59894419100601,,False,limit,2,1,PASS_QA_NOT_PRODUCTION_ACCEPTANCE,6,99,2048,512,q8_0,q8_0,96,,mmap,native default,fresh-prompt,False
M0186,iq3-cache96-accept-20261005,thecodacus,27c54b4bbcefadedcec6397477cc2e866c1db716,UD-IQ3_XXS,synthetic-speed,cache96-control,32768,8192,4,8188,512,26.9045024684881,29.63420889565598,0.15085649897810072,,17.39475271489937,,False,limit,2,1,PASS_QA_NOT_PRODUCTION_ACCEPTANCE,6,99,2048,512,q8_0,q8_0,96,,mmap,native default,reuse-requested,False
M0187,iq3-cache96-accept-20261005,thecodacus,27c54b4bbcefadedcec6397477cc2e866c1db716,UD-IQ3_XXS,context-quality,cache96-control,32768,8192,8192,0,262,190.63259980816196,30.1485700741135,43.15426748304162,49.776629458065145,51.81165437900927,True,True,eos,0,1,PASS_QA_NOT_PRODUCTION_ACCEPTANCE,6,99,2048,512,q8_0,q8_0,96,,mmap,native default,natural-quality,False
M0188,iq3-cache96-accept-20261005,thecodacus,27c54b4bbcefadedcec6397477cc2e866c1db716,UD-IQ3_XXS,context-quality,cache96-control,32768,16384,16384,0,192,186.2479234959372,28.501315761003784,88.15405600098893,92.83822556002997,94.85590794798918,True,True,eos,0,1,PASS_QA_NOT_PRODUCTION_ACCEPTANCE,6,99,2048,512,q8_0,q8_0,96,,mmap,native default,natural-quality,False
M0189,iq3-cache96-t14-u4096-accept-r1-20261005,thecodacus,27c54b4bbcefadedcec6397477cc2e866c1db716,UD-IQ3_XXS,synthetic-speed,cache96-t14-u4096-control,32768,8192,8192,0,512,572.7643957569849,31.85751176125095,14.304958252003416,,30.34534983302001,,False,limit,0,1,PASS_QA_NOT_PRODUCTION_ACCEPTANCE,14,99,4096,4096,q8_0,q8_0,96,,mmap,native default,fresh-prompt,False
M0190,iq3-cache96-t14-u4096-accept-r1-20261005,thecodacus,27c54b4bbcefadedcec6397477cc2e866c1db716,UD-IQ3_XXS,synthetic-speed,cache96-t14-u4096-control,32768,8192,4,8188,512,29.673150249996294,31.71987391008713,0.13673213392030448,,16.24669192591682,,False,limit,0,1,PASS_QA_NOT_PRODUCTION_ACCEPTANCE,14,99,4096,4096,q8_0,q8_0,96,,mmap,native default,reuse-requested,False
M0191,iq3-cache96-t14-u4096-accept-r1-20261005,thecodacus,27c54b4bbcefadedcec6397477cc2e866c1db716,UD-IQ3_XXS,synthetic-speed,cache96-t14-u4096-control,32768,8192,8192,0,512,596.8754241862927,31.870134503193874,13.726961942040361,,29.760915806982666,,False,limit,1,1,PASS_QA_NOT_PRODUCTION_ACCEPTANCE,14,99,4096,4096,q8_0,q8_0,96,,mmap,native default,fresh-prompt,False
M0192,iq3-cache96-t14-u4096-accept-r1-20261005,thecodacus,27c54b4bbcefadedcec6397477cc2e866c1db716,UD-IQ3_XXS,synthetic-speed,cache96-t14-u4096-control,32768,8192,4,8188,512,31.752079761224362,31.90526172710362,0.12844797200523317,,16.144800978014246,,False,limit,1,1,PASS_QA_NOT_PRODUCTION_ACCEPTANCE,14,99,4096,4096,q8_0,q8_0,96,,mmap,native default,reuse-requested,False
M0193,iq3-cache96-t14-u4096-accept-r1-20261005,thecodacus,27c54b4bbcefadedcec6397477cc2e866c1db716,UD-IQ3_XXS,synthetic-speed,cache96-t14-u4096-control,32768,8192,8192,0,512,594.2954743949841,31.77359590552137,13.786528495955281,,29.869202586007304,,False,limit,2,1,PASS_QA_NOT_PRODUCTION_ACCEPTANCE,14,99,4096,4096,q8_0,q8_0,96,,mmap,native default,fresh-prompt,False
M0194,iq3-cache96-t14-u4096-accept-r1-20261005,thecodacus,27c54b4bbcefadedcec6397477cc2e866c1db716,UD-IQ3_XXS,synthetic-speed,cache96-t14-u4096-control,32768,8192,4,8188,512,31.61580474078992,31.814721026299317,0.1287495179567486,,16.190649967989884,,False,limit,2,1,PASS_QA_NOT_PRODUCTION_ACCEPTANCE,14,99,4096,4096,q8_0,q8_0,96,,mmap,native default,reuse-requested,False
M0195,iq3-cache96-t14-u4096-accept-r1-20261005,thecodacus,27c54b4bbcefadedcec6397477cc2e866c1db716,UD-IQ3_XXS,context-quality,cache96-t14-u4096-control,32768,8192,8192,0,180,590.4809312933775,32.85561754886447,14.061678697937168,17.78534967894666,19.509935476002283,True,True,eos,0,1,PASS_QA_NOT_PRODUCTION_ACCEPTANCE,14,99,4096,4096,q8_0,q8_0,96,,mmap,native default,natural-quality,False
M0196,iq3-cache96-t14-u4096-accept-r1-20261005,thecodacus,27c54b4bbcefadedcec6397477cc2e866c1db716,UD-IQ3_XXS,context-quality,cache96-t14-u4096-control,32768,16384,16384,0,239,584.7973880858455,30.969513636800734,28.204994508996606,34.067170909955166,35.8903516610153,True,True,eos,0,1,PASS_QA_NOT_PRODUCTION_ACCEPTANCE,14,99,4096,4096,q8_0,q8_0,96,,mmap,native default,natural-quality,False
M0197,opt181/results/opt256-cache4g-ple-overlap-workspace,OptLlama,167742d9dfa01306786e7d3cfd31fcb8a8b185dc,UD-IQ3_XXS,context-quality,opt256-cache4g-ple-overlap-workspace,262144,8192,8192,0,242,1241.4314407666566,32.79933922260667,6.60158063005656,12.435281731071882,13.949169452069327,True,True,eos,0,1,FAIL_NO_RETRY,14,48,8192,4096,f16,f16,,0,none,native ON,fresh-prompt,False
M0198,opt181/results/opt256-cache4g-ple-overlap-workspace,OptLlama,167742d9dfa01306786e7d3cfd31fcb8a8b185dc,UD-IQ3_XXS,synthetic-speed,opt256-cache4g-ple-overlap-workspace,262144,8192,8192,0,512,1287.7534832379831,35.37718867797039,6.566646049031988,,21.01113053993322,,False,limit,0,1,FAIL_NO_RETRY,14,48,8192,4096,f16,f16,,0,none,native ON,fresh-prompt,False
M0199,placement-speed175-20261005,thecodacus,27c54b4bbcefadedcec6397477cc2e866c1db716,UD-IQ3_XXS,synthetic-speed,placement-control-mmap,32768,8192,8192,0,512,726.5651905561781,31.290741877771502,11.277510773972608,,27.608293263008818,,False,limit,0,1,FAIL_NO_RETRY,14,99,8192,8192,q8_0,q8_0,80,,mmap,native default ON,fresh-prompt,False
M0200,placement-speed175-20261005,thecodacus,27c54b4bbcefadedcec6397477cc2e866c1db716,UD-IQ3_XXS,synthetic-speed,placement-control-mmap,32768,8192,4,8188,512,33.36725671098951,31.27223212441575,0.1223007730441168,,16.462799318949692,,False,limit,0,1,FAIL_NO_RETRY,14,99,8192,8192,q8_0,q8_0,80,,mmap,native default ON,reuse-requested,False
M0201,placement-speed175-20261005,thecodacus,27c54b4bbcefadedcec6397477cc2e866c1db716,UD-IQ3_XXS,synthetic-speed,placement-control-mmap,32768,8192,8192,0,512,750.6475618065535,31.18458331843268,10.915738604031503,,27.302153026103042,,False,limit,1,1,FAIL_NO_RETRY,14,99,8192,8192,q8_0,q8_0,80,,mmap,native default ON,fresh-prompt,False
M0202,placement-speed175-20261005,thecodacus,27c54b4bbcefadedcec6397477cc2e866c1db716,UD-IQ3_XXS,synthetic-speed,placement-control-mmap,32768,8192,4,8188,512,32.30208913761498,31.162378678639527,0.12621351098641753,,16.524253226001747,,False,limit,1,1,FAIL_NO_RETRY,14,99,8192,8192,q8_0,q8_0,80,,mmap,native default ON,reuse-requested,False
M0203,placement-speed175-20261005,thecodacus,27c54b4bbcefadedcec6397477cc2e866c1db716,UD-IQ3_XXS,synthetic-speed,placement-control-mmap,32768,8192,8192,0,512,745.5191496130981,31.19988023153608,10.990756537066773,,27.369132912019268,,False,limit,2,1,FAIL_NO_RETRY,14,99,8192,8192,q8_0,q8_0,80,,mmap,native default ON,fresh-prompt,False
M0204,placement-speed175-20261005,thecodacus,27c54b4bbcefadedcec6397477cc2e866c1db716,UD-IQ3_XXS,synthetic-speed,placement-control-mmap,32768,8192,4,8188,512,32.2094905263836,30.742888977260492,0.12675935099832714,,16.74864081502892,,False,limit,2,1,FAIL_NO_RETRY,14,99,8192,8192,q8_0,q8_0,80,,mmap,native default ON,reuse-requested,False
M0205,placement-speed175-20261005,thecodacus,27c54b4bbcefadedcec6397477cc2e866c1db716,UD-IQ3_XXS,context-quality,placement-control-mmap,32768,8192,8192,0,229,742.6863032490079,31.69620136318689,11.216915022931062,16.679536222014576,18.410332764033228,True,True,eos,0,1,FAIL_NO_RETRY,14,99,8192,8192,q8_0,q8_0,80,,mmap,native default ON,natural-quality,False
M0206,placement-speed175-20261005,thecodacus,27c54b4bbcefadedcec6397477cc2e866c1db716,UD-IQ3_XXS,context-quality,placement-control-mmap,32768,16384,16384,0,214,729.6313980911482,30.016394870324945,22.59520701598376,27.901350928936154,29.69162068096921,True,True,eos,0,1,FAIL_NO_RETRY,14,99,8192,8192,q8_0,q8_0,80,,mmap,native default ON,natural-quality,False
M0207,placement-speed175-20261005,thecodacus,27c54b4bbcefadedcec6397477cc2e866c1db716,UD-IQ3_XXS,context-quality,placement-control-mmap,32768,28672,28672,0,266,684.3060521586225,27.773119812190828,42.13567002606578,49.72098646406084,51.67775071202777,True,True,eos,0,1,FAIL_NO_RETRY,14,99,8192,8192,q8_0,q8_0,80,,mmap,native default ON,natural-quality,False
M0208,placement-speed175-r2-20261005,thecodacus,27c54b4bbcefadedcec6397477cc2e866c1db716,UD-IQ3_XXS,synthetic-speed,placement-none-lazy,32768,8192,8192,0,512,725.209318762693,29.452984304902365,11.299854899989441,,28.648926606983878,,False,limit,0,1,FAIL_NO_RETRY,14,99,8192,8192,q8_0,q8_0,80,,none,native default ON,fresh-prompt,False
M0209,placement-speed175-r2-20261005,thecodacus,27c54b4bbcefadedcec6397477cc2e866c1db716,UD-IQ3_XXS,synthetic-speed,placement-none-lazy,32768,8192,4,8188,512,32.65679342945316,31.109813685091364,0.12495146598666906,,16.550779615994543,,False,limit,0,1,FAIL_NO_RETRY,14,99,8192,8192,q8_0,q8_0,80,,none,native default ON,reuse-requested,False
M0210,placement-speed175-r2-20261005,thecodacus,27c54b4bbcefadedcec6397477cc2e866c1db716,UD-IQ3_XXS,synthetic-speed,placement-none-lazy,32768,8192,8192,0,512,831.7612585262636,30.380481343352354,9.851425373926759,,26.671628917916678,,False,limit,1,1,FAIL_NO_RETRY,14,99,8192,8192,q8_0,q8_0,80,,none,native default ON,fresh-prompt,False
M0211,placement-speed175-r2-20261005,thecodacus,27c54b4bbcefadedcec6397477cc2e866c1db716,UD-IQ3_XXS,synthetic-speed,placement-none-lazy,32768,8192,4,8188,512,33.021554819908694,30.96991657455995,0.12306263099890202,,16.623089801054448,,False,limit,1,1,FAIL_NO_RETRY,14,99,8192,8192,q8_0,q8_0,80,,none,native default ON,reuse-requested,False
M0212,placement-speed175-r2-20261005,thecodacus,27c54b4bbcefadedcec6397477cc2e866c1db716,UD-IQ3_XXS,synthetic-speed,placement-none-lazy,32768,8192,8192,0,512,792.4139519411384,30.265632154586665,10.340138113009743,,27.22415046696551,,False,limit,2,1,FAIL_NO_RETRY,14,99,8192,8192,q8_0,q8_0,80,,none,native default ON,fresh-prompt,False
M0213,placement-speed175-r2-20261005,thecodacus,27c54b4bbcefadedcec6397477cc2e866c1db716,UD-IQ3_XXS,synthetic-speed,placement-none-lazy,32768,8192,4,8188,512,30.548109453876172,31.029178965495678,0.13308130006771535,,16.601647115079686,,False,limit,2,1,FAIL_NO_RETRY,14,99,8192,8192,q8_0,q8_0,80,,none,native default ON,reuse-requested,False
M0214,placement-speed175-r2-20261005,thecodacus,27c54b4bbcefadedcec6397477cc2e866c1db716,UD-IQ3_XXS,context-quality,placement-none-lazy,32768,8192,8192,0,229,813.9603742786933,31.2930279133809,10.254268528078683,15.80326902703382,17.540385066065937,True,True,eos,0,1,FAIL_NO_RETRY,14,99,8192,8192,q8_0,q8_0,80,,none,native default ON,natural-quality,False
M0215,placement-speed175-r2-20261005,thecodacus,27c54b4bbcefadedcec6397477cc2e866c1db716,UD-IQ3_XXS,context-quality,placement-none-lazy,32768,16384,16384,0,214,800.4944069215406,30.11917010232599,20.614546439028345,25.911517861066386,27.68680286000017,True,True,eos,0,1,FAIL_NO_RETRY,14,99,8192,8192,q8_0,q8_0,80,,none,native default ON,natural-quality,False
M0216,placement-speed175-r2-20261005,thecodacus,27c54b4bbcefadedcec6397477cc2e866c1db716,UD-IQ3_XXS,context-quality,placement-none-lazy,32768,28672,28672,0,266,754.5884104726197,27.7569745945125,38.2417548490921,45.83526298508514,47.789490277995355,True,True,eos,0,1,FAIL_NO_RETRY,14,99,8192,8192,q8_0,q8_0,80,,none,native default ON,natural-quality,False
M0217,prefill-dma175-20261005,thecodacus,27c54b4bbcefadedcec6397477cc2e866c1db716,UD-IQ3_XXS,synthetic-speed,uncached-hybrid42-mtp2-pinned,32768,8192,8192,0,512,1028.023555694042,37.1693455751167,7.972295481013134,,21.719593668007292,,False,limit,0,1,FAIL_NO_RETRY,14,42,8192,8192,q8_0,q8_0,0,2,none,native default ON,fresh-prompt,False
M0218,prefill-dma175-20261005,thecodacus,27c54b4bbcefadedcec6397477cc2e866c1db716,UD-IQ3_XXS,synthetic-speed,uncached-hybrid42-mtp2-pinned,32768,8192,4,8188,512,27.640343845877442,38.16759968148354,0.14693467400502414,,13.535456717945635,,False,limit,0,1,FAIL_NO_RETRY,14,42,8192,8192,q8_0,q8_0,0,2,none,native default ON,reuse-requested,False
M0219,prefill-dma175-20261005,thecodacus,27c54b4bbcefadedcec6397477cc2e866c1db716,UD-IQ3_XXS,synthetic-speed,uncached-hybrid42-mtp2-pinned,32768,8192,8192,0,512,1201.5310133459118,38.540589312008244,6.819993457989767,,20.078901318949647,,False,limit,1,1,FAIL_NO_RETRY,14,42,8192,8192,q8_0,q8_0,0,2,none,native default ON,fresh-prompt,False
M0220,prefill-dma175-20261005,thecodacus,27c54b4bbcefadedcec6397477cc2e866c1db716,UD-IQ3_XXS,synthetic-speed,uncached-hybrid42-mtp2-pinned,32768,8192,4,8188,512,29.69121140142518,38.29045339568508,0.13663665892090648,,13.482377997948788,,False,limit,1,1,FAIL_NO_RETRY,14,42,8192,8192,q8_0,q8_0,0,2,none,native default ON,reuse-requested,False
M0221,prefill-dma175-20261005,thecodacus,27c54b4bbcefadedcec6397477cc2e866c1db716,UD-IQ3_XXS,synthetic-speed,uncached-hybrid42-mtp2-pinned,32768,8192,8192,0,512,1204.929148636365,38.253490836904035,6.8010237460257486,,20.159503187052906,,False,limit,2,1,FAIL_NO_RETRY,14,42,8192,8192,q8_0,q8_0,0,2,none,native default ON,fresh-prompt,False
M0222,prefill-dma175-20261005,thecodacus,27c54b4bbcefadedcec6397477cc2e866c1db716,UD-IQ3_XXS,synthetic-speed,uncached-hybrid42-mtp2-pinned,32768,8192,4,8188,512,29.363617010343333,38.3002312404568,0.13827415800187737,,13.480342376045883,,False,limit,2,1,FAIL_NO_RETRY,14,42,8192,8192,q8_0,q8_0,0,2,none,native default ON,reuse-requested,False
M0223,prefill-dma175-20261005,thecodacus,27c54b4bbcefadedcec6397477cc2e866c1db716,UD-IQ3_XXS,context-quality,uncached-hybrid42-mtp2-pinned,32768,8192,8192,0,196,1181.9590798610159,37.85004742902097,7.141398750944063,11.101553050917573,12.293583140941337,True,True,eos,0,1,FAIL_NO_RETRY,14,42,8192,8192,q8_0,q8_0,0,2,none,native default ON,natural-quality,False
M0224,prefill-dma175-20261005,thecodacus,27c54b4bbcefadedcec6397477cc2e866c1db716,UD-IQ3_XXS,context-quality,uncached-hybrid42-mtp2-pinned,32768,16384,16384,0,205,1147.501096443461,38.41423767227797,14.428935057949275,18.59904819203075,19.739802252035588,True,True,eos,0,1,FAIL_NO_RETRY,14,42,8192,8192,q8_0,q8_0,0,2,none,native default ON,natural-quality,False
M0225,prefill-dma175-20261005,thecodacus,27c54b4bbcefadedcec6397477cc2e866c1db716,UD-IQ3_XXS,context-quality,uncached-hybrid42-mtp2-pinned,32768,28672,28672,0,197,1074.3456803150134,36.49395838795014,26.953442707075737,31.05904157005716,32.32486718008295,True,True,eos,0,1,FAIL_NO_RETRY,14,42,8192,8192,q8_0,q8_0,0,2,none,native default ON,natural-quality,False
M0226,prefill-finalist175-20261005,thecodacus,27c54b4bbcefadedcec6397477cc2e866c1db716,UD-IQ3_XXS,synthetic-speed,pinned-hybrid43-mtp2-q8,32768,8192,8192,0,512,1147.4949884641173,32.076781394412215,7.141381469089538,,23.072018312988803,,False,limit,0,1,PASS_QA_NOT_PRODUCTION_ACCEPTANCE,14,43,8192,8192,q8_0,q8_0,0,2,none,native default ON,fresh-prompt,False
M0227,prefill-finalist175-20261005,thecodacus,27c54b4bbcefadedcec6397477cc2e866c1db716,UD-IQ3_XXS,synthetic-speed,pinned-hybrid43-mtp2-q8,32768,8192,4,8188,512,27.481964960494672,32.18919739354431,0.14760837308131158,,16.02289537806064,,False,limit,0,1,PASS_QA_NOT_PRODUCTION_ACCEPTANCE,14,43,8192,8192,q8_0,q8_0,0,2,none,native default ON,reuse-requested,False
M0228,prefill-finalist175-20261005,thecodacus,27c54b4bbcefadedcec6397477cc2e866c1db716,UD-IQ3_XXS,synthetic-speed,pinned-hybrid43-mtp2-q8,32768,8192,8192,0,512,1197.6198475081408,33.07168517516085,6.842340909992345,,22.293849360896274,,False,limit,1,1,PASS_QA_NOT_PRODUCTION_ACCEPTANCE,14,43,8192,8192,q8_0,q8_0,0,2,none,native default ON,fresh-prompt,False
M0229,prefill-finalist175-20261005,thecodacus,27c54b4bbcefadedcec6397477cc2e866c1db716,UD-IQ3_XXS,synthetic-speed,pinned-hybrid43-mtp2-q8,32768,8192,4,8188,512,28.689876776979244,33.356010198192145,0.14150984992738813,,15.461347206961364,,False,limit,1,1,PASS_QA_NOT_PRODUCTION_ACCEPTANCE,14,43,8192,8192,q8_0,q8_0,0,2,none,native default ON,reuse-requested,False
M0230,prefill-finalist175-20261005,thecodacus,27c54b4bbcefadedcec6397477cc2e866c1db716,UD-IQ3_XXS,synthetic-speed,pinned-hybrid43-mtp2-q8,32768,8192,8192,0,512,1197.6697487071908,32.878562546671795,6.84213482902851,,22.38439926004503,,False,limit,2,1,PASS_QA_NOT_PRODUCTION_ACCEPTANCE,14,43,8192,8192,q8_0,q8_0,0,2,none,native default ON,fresh-prompt,False
M0231,prefill-finalist175-20261005,thecodacus,27c54b4bbcefadedcec6397477cc2e866c1db716,UD-IQ3_XXS,synthetic-speed,pinned-hybrid43-mtp2-q8,32768,8192,4,8188,512,28.70758454383648,33.09826655115739,0.14134085201658309,,15.580486144986935,,False,limit,2,1,PASS_QA_NOT_PRODUCTION_ACCEPTANCE,14,43,8192,8192,q8_0,q8_0,0,2,none,native default ON,reuse-requested,False
M0232,prefill-finalist175-20261005,thecodacus,27c54b4bbcefadedcec6397477cc2e866c1db716,UD-IQ3_XXS,synthetic-speed,pinned-hybrid43-mtp2-q8,32768,8192,8192,0,512,1198.0053328201252,33.01405106440272,6.8400718229822814,,22.318667115061544,,False,limit,3,1,PASS_QA_NOT_PRODUCTION_ACCEPTANCE,14,43,8192,8192,q8_0,q8_0,0,2,none,native default ON,fresh-prompt,False
M0233,prefill-finalist175-20261005,thecodacus,27c54b4bbcefadedcec6397477cc2e866c1db716,UD-IQ3_XXS,synthetic-speed,pinned-hybrid43-mtp2-q8,32768,8192,4,8188,512,29.156431544343288,33.07319207434284,0.13937083596829325,,15.590123258996755,,False,limit,3,1,PASS_QA_NOT_PRODUCTION_ACCEPTANCE,14,43,8192,8192,q8_0,q8_0,0,2,none,native default ON,reuse-requested,False
M0234,prefill-finalist175-20261005,thecodacus,27c54b4bbcefadedcec6397477cc2e866c1db716,UD-IQ3_XXS,synthetic-speed,pinned-hybrid43-mtp2-q8,32768,8192,8192,0,512,1198.0573686963053,32.767885317787886,6.839811987942085,,22.4345314638922,,False,limit,4,1,PASS_QA_NOT_PRODUCTION_ACCEPTANCE,14,43,8192,8192,q8_0,q8_0,0,2,none,native default ON,fresh-prompt,False
M0235,prefill-finalist175-20261005,thecodacus,27c54b4bbcefadedcec6397477cc2e866c1db716,UD-IQ3_XXS,synthetic-speed,pinned-hybrid43-mtp2-q8,32768,8192,4,8188,512,29.363401456424715,32.68759657953407,0.13824156299233437,,15.771277757012285,,False,limit,4,1,PASS_QA_NOT_PRODUCTION_ACCEPTANCE,14,43,8192,8192,q8_0,q8_0,0,2,none,native default ON,reuse-requested,False
M0236,prefill-finalist175-20261005,thecodacus,27c54b4bbcefadedcec6397477cc2e866c1db716,UD-IQ3_XXS,context-quality,pinned-hybrid43-mtp2-q8,32768,8192,8192,0,196,1191.4080168146763,37.62185864715269,7.076048861024901,11.091928062029183,12.259443492046557,True,True,eos,0,1,PASS_QA_NOT_PRODUCTION_ACCEPTANCE,14,43,8192,8192,q8_0,q8_0,0,2,none,native default ON,natural-quality,False
M0237,prefill-finalist175-20261005,thecodacus,27c54b4bbcefadedcec6397477cc2e866c1db716,UD-IQ3_XXS,context-quality,pinned-hybrid43-mtp2-q8,32768,16384,16384,0,204,1149.7055739037044,39.57566311168038,14.395844577928074,18.248189979000017,19.525733685004525,True,True,eos,0,1,PASS_QA_NOT_PRODUCTION_ACCEPTANCE,14,43,8192,8192,q8_0,q8_0,0,2,none,native default ON,natural-quality,False
M0238,prefill-finalist175-20261005,thecodacus,27c54b4bbcefadedcec6397477cc2e866c1db716,UD-IQ3_XXS,context-quality,pinned-hybrid43-mtp2-q8,32768,28672,28672,0,244,1068.1424755729279,34.7241523341418,27.10487876890693,32.84157319192309,34.10351249494124,True,True,eos,0,1,PASS_QA_NOT_PRODUCTION_ACCEPTANCE,14,43,8192,8192,q8_0,q8_0,0,2,none,native default ON,natural-quality,False
M0239,prefill-finalist175-20261005,thecodacus,27c54b4bbcefadedcec6397477cc2e866c1db716,UD-IQ3_XXS,synthetic-speed,pinned-hybrid43-mtp2-f16,32768,8192,8192,0,512,1008.5451797339051,32.10954696633902,8.126252539921552,,24.040597234969027,,False,limit,0,1,PASS_QA_NOT_PRODUCTION_ACCEPTANCE,14,43,8192,8192,f16,f16,0,2,none,native default ON,fresh-prompt,False
M0240,prefill-finalist175-20261005,thecodacus,27c54b4bbcefadedcec6397477cc2e866c1db716,UD-IQ3_XXS,synthetic-speed,pinned-hybrid43-mtp2-f16,32768,8192,4,8188,512,24.300450773361845,35.36394586894094,0.1670350970234722,,14.617021050071344,,False,limit,0,1,PASS_QA_NOT_PRODUCTION_ACCEPTANCE,14,43,8192,8192,f16,f16,0,2,none,native default ON,reuse-requested,False
M0241,prefill-finalist175-20261005,thecodacus,27c54b4bbcefadedcec6397477cc2e866c1db716,UD-IQ3_XXS,synthetic-speed,pinned-hybrid43-mtp2-f16,32768,8192,8192,0,512,1202.3512189437245,35.823770045888075,6.8158046890748665,,21.08023879805114,,False,limit,1,1,PASS_QA_NOT_PRODUCTION_ACCEPTANCE,14,43,8192,8192,f16,f16,0,2,none,native default ON,fresh-prompt,False
M0242,prefill-finalist175-20261005,thecodacus,27c54b4bbcefadedcec6397477cc2e866c1db716,UD-IQ3_XXS,synthetic-speed,pinned-hybrid43-mtp2-f16,32768,8192,4,8188,512,28.795001187793797,35.89694415847482,0.14090288197621703,,14.376329972990789,,False,limit,1,1,PASS_QA_NOT_PRODUCTION_ACCEPTANCE,14,43,8192,8192,f16,f16,0,2,none,native default ON,reuse-requested,False
M0243,prefill-finalist175-20261005,thecodacus,27c54b4bbcefadedcec6397477cc2e866c1db716,UD-IQ3_XXS,synthetic-speed,pinned-hybrid43-mtp2-f16,32768,8192,8192,0,512,1200.2775641867183,36.15407522580555,6.8271358830388635,,20.961272062035277,,False,limit,2,1,PASS_QA_NOT_PRODUCTION_ACCEPTANCE,14,43,8192,8192,f16,f16,0,2,none,native default ON,fresh-prompt,False
M0244,prefill-finalist175-20261005,thecodacus,27c54b4bbcefadedcec6397477cc2e866c1db716,UD-IQ3_XXS,synthetic-speed,pinned-hybrid43-mtp2-f16,32768,8192,4,8188,512,28.282342626439746,35.76001294358512,0.14376602205447853,,14.433672141982242,,False,limit,2,1,PASS_QA_NOT_PRODUCTION_ACCEPTANCE,14,43,8192,8192,f16,f16,0,2,none,native default ON,reuse-requested,False
M0245,prefill-finalist175-20261005,thecodacus,27c54b4bbcefadedcec6397477cc2e866c1db716,UD-IQ3_XXS,synthetic-speed,pinned-hybrid43-mtp2-f16,32768,8192,8192,0,512,1191.51493589862,35.97140280516403,6.877919806982391,,21.083809430943802,,False,limit,3,1,PASS_QA_NOT_PRODUCTION_ACCEPTANCE,14,43,8192,8192,f16,f16,0,2,none,native default ON,fresh-prompt,False
M0246,prefill-finalist175-20261005,thecodacus,27c54b4bbcefadedcec6397477cc2e866c1db716,UD-IQ3_XXS,synthetic-speed,pinned-hybrid43-mtp2-f16,32768,8192,4,8188,512,28.91468721537105,35.86116661638384,0.14053563901688904,,14.39013303606771,,False,limit,3,1,PASS_QA_NOT_PRODUCTION_ACCEPTANCE,14,43,8192,8192,f16,f16,0,2,none,native default ON,reuse-requested,False
M0247,prefill-finalist175-20261005,thecodacus,27c54b4bbcefadedcec6397477cc2e866c1db716,UD-IQ3_XXS,synthetic-speed,pinned-hybrid43-mtp2-f16,32768,8192,8192,0,512,1197.900398793209,36.09974153715384,6.840904098004103,,20.99630804604385,,False,limit,4,1,PASS_QA_NOT_PRODUCTION_ACCEPTANCE,14,43,8192,8192,f16,f16,0,2,none,native default ON,fresh-prompt,False
M0248,prefill-finalist175-20261005,thecodacus,27c54b4bbcefadedcec6397477cc2e866c1db716,UD-IQ3_XXS,synthetic-speed,pinned-hybrid43-mtp2-f16,32768,8192,4,8188,512,29.00863006744507,35.61087281482695,0.13996759604196995,,14.489744688034989,,False,limit,4,1,PASS_QA_NOT_PRODUCTION_ACCEPTANCE,14,43,8192,8192,f16,f16,0,2,none,native default ON,reuse-requested,False
M0249,prefill-finalist175-20261005,thecodacus,27c54b4bbcefadedcec6397477cc2e866c1db716,UD-IQ3_XXS,context-quality,pinned-hybrid43-mtp2-f16,32768,8192,8192,0,239,1181.6409461666772,37.140638959437894,7.18869108799845,12.39295648294501,13.59702106390614,True,True,eos,0,1,PASS_QA_NOT_PRODUCTION_ACCEPTANCE,14,43,8192,8192,f16,f16,0,2,none,native default ON,natural-quality,False
M0250,prefill-finalist175-20261005,thecodacus,27c54b4bbcefadedcec6397477cc2e866c1db716,UD-IQ3_XXS,context-quality,pinned-hybrid43-mtp2-f16,32768,16384,16384,0,200,1140.9595494881107,37.46487432699719,14.561999864992686,18.727962682954967,19.874325676006265,True,True,eos,0,1,PASS_QA_NOT_PRODUCTION_ACCEPTANCE,14,43,8192,8192,f16,f16,0,2,none,native default ON,natural-quality,False
M0251,prefill-finalist175-20261005,thecodacus,27c54b4bbcefadedcec6397477cc2e866c1db716,UD-IQ3_XXS,context-quality,pinned-hybrid43-mtp2-f16,32768,28672,28672,0,196,1068.9652202665993,37.43118420749545,27.181387622025795,31.163158738054335,32.39157001604326,True,True,eos,0,1,PASS_QA_NOT_PRODUCTION_ACCEPTANCE,14,43,8192,8192,f16,f16,0,2,none,native default ON,natural-quality,False
M0252,prefill-hybrid175-20261005,thecodacus,27c54b4bbcefadedcec6397477cc2e866c1db716,UD-IQ3_XXS,synthetic-speed,uncached-hybrid38,32768,8192,8192,0,512,1006.2681712046389,30.761486450408,8.143187882029451,,24.754845343064517,,False,limit,0,1,PASS_QA_NOT_PRODUCTION_ACCEPTANCE,14,38,8192,8192,q8_0,q8_0,0,,mmap,native default ON,fresh-prompt,False
M0253,prefill-hybrid175-20261005,thecodacus,27c54b4bbcefadedcec6397477cc2e866c1db716,UD-IQ3_XXS,synthetic-speed,uncached-hybrid38,32768,8192,4,8188,512,31.540020343313124,31.396668831869427,0.12920646206475794,,16.40486938902177,,False,limit,0,1,PASS_QA_NOT_PRODUCTION_ACCEPTANCE,14,38,8192,8192,q8_0,q8_0,0,,mmap,native default ON,reuse-requested,False
M0254,prefill-hybrid175-20261005,thecodacus,27c54b4bbcefadedcec6397477cc2e866c1db716,UD-IQ3_XXS,synthetic-speed,uncached-hybrid38,32768,8192,8192,0,512,1004.0657800360541,30.882236603983785,8.1611699659843,,24.70798005303368,,False,limit,1,1,PASS_QA_NOT_PRODUCTION_ACCEPTANCE,14,38,8192,8192,q8_0,q8_0,0,,mmap,native default ON,fresh-prompt,False
M0255,prefill-hybrid175-20261005,thecodacus,27c54b4bbcefadedcec6397477cc2e866c1db716,UD-IQ3_XXS,synthetic-speed,uncached-hybrid38,32768,8192,4,8188,512,33.438944666906316,31.120715428097718,0.12207045697141439,,16.542141149984673,,False,limit,1,1,PASS_QA_NOT_PRODUCTION_ACCEPTANCE,14,38,8192,8192,q8_0,q8_0,0,,mmap,native default ON,reuse-requested,False
M0256,prefill-hybrid175-20261005,thecodacus,27c54b4bbcefadedcec6397477cc2e866c1db716,UD-IQ3_XXS,synthetic-speed,uncached-hybrid38,32768,8192,8192,0,512,1170.1416197034023,31.289730226804007,7.003191646072082,,23.334454133058898,,False,limit,2,1,PASS_QA_NOT_PRODUCTION_ACCEPTANCE,14,38,8192,8192,q8_0,q8_0,0,,mmap,native default ON,fresh-prompt,False
M0257,prefill-hybrid175-20261005,thecodacus,27c54b4bbcefadedcec6397477cc2e866c1db716,UD-IQ3_XXS,synthetic-speed,uncached-hybrid38,32768,8192,4,8188,512,33.17712437274499,30.922011479872403,0.12326915503945202,,16.64879686094355,,False,limit,2,1,PASS_QA_NOT_PRODUCTION_ACCEPTANCE,14,38,8192,8192,q8_0,q8_0,0,,mmap,native default ON,reuse-requested,False
M0258,prefill-hybrid175-20261005,thecodacus,27c54b4bbcefadedcec6397477cc2e866c1db716,UD-IQ3_XXS,context-quality,uncached-hybrid38,32768,8192,8192,0,214,1135.6912605563002,30.594142557500827,7.400857761036605,12.72030231403187,14.362976311007515,True,True,eos,0,1,PASS_QA_NOT_PRODUCTION_ACCEPTANCE,14,38,8192,8192,q8_0,q8_0,0,,mmap,native default ON,natural-quality,False
M0259,prefill-hybrid175-20261005,thecodacus,27c54b4bbcefadedcec6397477cc2e866c1db716,UD-IQ3_XXS,context-quality,uncached-hybrid38,32768,16384,16384,0,246,1117.5530934918697,29.32099984370112,14.801285075955093,21.456521996995434,23.157430469989777,True,True,eos,0,1,PASS_QA_NOT_PRODUCTION_ACCEPTANCE,14,38,8192,8192,q8_0,q8_0,0,,mmap,native default ON,natural-quality,False
M0260,prefill-hybrid175-20261005,thecodacus,27c54b4bbcefadedcec6397477cc2e866c1db716,UD-IQ3_XXS,context-quality,uncached-hybrid38,32768,28672,28672,0,244,1034.1969977194788,27.074665911992852,27.958835977013223,35.11432978801895,36.934473023051396,True,True,eos,0,1,PASS_QA_NOT_PRODUCTION_ACCEPTANCE,14,38,8192,8192,q8_0,q8_0,0,,mmap,native default ON,natural-quality,False
M0261,prefill-hybrid175-20261005,thecodacus,27c54b4bbcefadedcec6397477cc2e866c1db716,UD-IQ3_XXS,synthetic-speed,uncached-hybrid42-mtp2,32768,8192,8192,0,512,953.6714955599329,36.85399313376211,8.59247072506696,,22.458263944019563,,False,limit,0,1,PASS_QA_NOT_PRODUCTION_ACCEPTANCE,14,42,8192,8192,q8_0,q8_0,0,2,mmap,native default ON,fresh-prompt,False
M0262,prefill-hybrid175-20261005,thecodacus,27c54b4bbcefadedcec6397477cc2e866c1db716,UD-IQ3_XXS,synthetic-speed,uncached-hybrid42-mtp2,32768,8192,4,8188,512,28.292144686027925,38.33914522763173,0.14362333295866847,,13.472178719006479,,False,limit,0,1,PASS_QA_NOT_PRODUCTION_ACCEPTANCE,14,42,8192,8192,q8_0,q8_0,0,2,mmap,native default ON,reuse-requested,False
M0263,prefill-hybrid175-20261005,thecodacus,27c54b4bbcefadedcec6397477cc2e866c1db716,UD-IQ3_XXS,synthetic-speed,uncached-hybrid42-mtp2,32768,8192,8192,0,512,1049.7357144257548,38.36649432277244,7.806121687055565,,21.12519702303689,,False,limit,1,1,PASS_QA_NOT_PRODUCTION_ACCEPTANCE,14,42,8192,8192,q8_0,q8_0,0,2,mmap,native default ON,fresh-prompt,False
M0264,prefill-hybrid175-20261005,thecodacus,27c54b4bbcefadedcec6397477cc2e866c1db716,UD-IQ3_XXS,synthetic-speed,uncached-hybrid42-mtp2,32768,8192,4,8188,512,29.69495853841414,37.42258157665071,0.13690608402248472,,13.792146740946919,,False,limit,1,1,PASS_QA_NOT_PRODUCTION_ACCEPTANCE,14,42,8192,8192,q8_0,q8_0,0,2,mmap,native default ON,reuse-requested,False
M0265,prefill-hybrid175-20261005,thecodacus,27c54b4bbcefadedcec6397477cc2e866c1db716,UD-IQ3_XXS,synthetic-speed,uncached-hybrid42-mtp2,32768,8192,8192,0,512,1051.5136431071303,38.0964735414027,7.7931302019860595,,21.206614474998787,,False,limit,2,1,PASS_QA_NOT_PRODUCTION_ACCEPTANCE,14,42,8192,8192,q8_0,q8_0,0,2,mmap,native default ON,fresh-prompt,False
M0266,prefill-hybrid175-20261005,thecodacus,27c54b4bbcefadedcec6397477cc2e866c1db716,UD-IQ3_XXS,synthetic-speed,uncached-hybrid42-mtp2,32768,8192,4,8188,512,28.98907836472609,37.79878795338574,0.14021027996204793,,13.659333426039666,,False,limit,2,1,PASS_QA_NOT_PRODUCTION_ACCEPTANCE,14,42,8192,8192,q8_0,q8_0,0,2,mmap,native default ON,reuse-requested,False
M0267,prefill-hybrid175-20261005,thecodacus,27c54b4bbcefadedcec6397477cc2e866c1db716,UD-IQ3_XXS,context-quality,uncached-hybrid42-mtp2,32768,8192,8192,0,196,1056.3884744819384,38.457700276855995,7.961593801970594,11.835691387066618,13.03224016004242,True,True,eos,0,1,PASS_QA_NOT_PRODUCTION_ACCEPTANCE,14,42,8192,8192,q8_0,q8_0,0,2,mmap,native default ON,natural-quality,False
M0268,prefill-hybrid175-20261005,thecodacus,27c54b4bbcefadedcec6397477cc2e866c1db716,UD-IQ3_XXS,context-quality,uncached-hybrid42-mtp2,32768,16384,16384,0,205,1025.5873528253353,37.84693955546914,16.121202324982733,20.327172516961582,21.511785523034632,True,True,eos,0,1,PASS_QA_NOT_PRODUCTION_ACCEPTANCE,14,42,8192,8192,q8_0,q8_0,0,2,mmap,native default ON,natural-quality,False
M0269,prefill-hybrid175-20261005,thecodacus,27c54b4bbcefadedcec6397477cc2e866c1db716,UD-IQ3_XXS,context-quality,uncached-hybrid42-mtp2,32768,28672,28672,0,197,946.0231936036532,37.25485686436894,30.57624561106786,34.59019396896474,35.8378586450126,True,True,eos,0,1,PASS_QA_NOT_PRODUCTION_ACCEPTANCE,14,42,8192,8192,q8_0,q8_0,0,2,mmap,native default ON,natural-quality,False
M0270,prefill-kv175-20261005,thecodacus,27c54b4bbcefadedcec6397477cc2e866c1db716,UD-IQ3_XXS,synthetic-speed,pinned-hybrid43-mtp3-q8,32768,8192,8192,0,512,1028.7485748278334,27.54335828567551,7.965397355030291,,26.517986943013966,,False,limit,0,1,PASS_QA_NOT_PRODUCTION_ACCEPTANCE,14,43,8192,8192,q8_0,q8_0,0,3,none,native default ON,fresh-prompt,False
M0271,prefill-kv175-20261005,thecodacus,27c54b4bbcefadedcec6397477cc2e866c1db716,UD-IQ3_XXS,synthetic-speed,pinned-hybrid43-mtp3-q8,32768,8192,4,8188,512,27.989447978112253,30.8201538474529,0.1452832769136876,,16.72555310698226,,False,limit,0,1,PASS_QA_NOT_PRODUCTION_ACCEPTANCE,14,43,8192,8192,q8_0,q8_0,0,3,none,native default ON,reuse-requested,False
M0272,prefill-kv175-20261005,thecodacus,27c54b4bbcefadedcec6397477cc2e866c1db716,UD-IQ3_XXS,synthetic-speed,pinned-hybrid43-mtp3-q8,32768,8192,8192,0,512,1174.1168575920371,30.54779854689323,6.979098733048886,,23.707200219971128,,False,limit,1,1,PASS_QA_NOT_PRODUCTION_ACCEPTANCE,14,43,8192,8192,q8_0,q8_0,0,3,none,native default ON,fresh-prompt,False
M0273,prefill-kv175-20261005,thecodacus,27c54b4bbcefadedcec6397477cc2e866c1db716,UD-IQ3_XXS,synthetic-speed,pinned-hybrid43-mtp3-q8,32768,8192,4,8188,512,29.328308416491307,30.551394680135267,0.13840010191779584,,16.864522005897015,,False,limit,1,1,PASS_QA_NOT_PRODUCTION_ACCEPTANCE,14,43,8192,8192,q8_0,q8_0,0,3,none,native default ON,reuse-requested,False
M0274,prefill-kv175-20261005,thecodacus,27c54b4bbcefadedcec6397477cc2e866c1db716,UD-IQ3_XXS,synthetic-speed,pinned-hybrid43-mtp3-q8,32768,8192,8192,0,512,1196.4218923591259,30.46836676973243,6.849071486969478,,23.62070839491207,,False,limit,2,1,PASS_QA_NOT_PRODUCTION_ACCEPTANCE,14,43,8192,8192,q8_0,q8_0,0,3,none,native default ON,fresh-prompt,False
M0275,prefill-kv175-20261005,thecodacus,27c54b4bbcefadedcec6397477cc2e866c1db716,UD-IQ3_XXS,synthetic-speed,pinned-hybrid43-mtp3-q8,32768,8192,4,8188,512,28.48739076866102,30.433492040123134,0.14303751708939672,,16.93380793510005,,False,limit,2,1,PASS_QA_NOT_PRODUCTION_ACCEPTANCE,14,43,8192,8192,q8_0,q8_0,0,3,none,native default ON,reuse-requested,False
M0276,prefill-kv175-20261005,thecodacus,27c54b4bbcefadedcec6397477cc2e866c1db716,UD-IQ3_XXS,context-quality,pinned-hybrid43-mtp3-q8,32768,8192,8192,0,188,1179.9608878687143,41.73148622782847,7.149083313066512,10.521031409036368,11.63022827799432,True,True,eos,0,1,PASS_QA_NOT_PRODUCTION_ACCEPTANCE,14,43,8192,8192,q8_0,q8_0,0,3,none,native default ON,natural-quality,False
M0277,prefill-kv175-20261005,thecodacus,27c54b4bbcefadedcec6397477cc2e866c1db716,UD-IQ3_XXS,context-quality,pinned-hybrid43-mtp3-q8,32768,16384,16384,0,391,1144.2922174789378,34.76420110929892,14.46870718197897,24.648329332005233,25.687561305006966,True,True,eos,0,1,PASS_QA_NOT_PRODUCTION_ACCEPTANCE,14,43,8192,8192,q8_0,q8_0,0,3,none,native default ON,natural-quality,False
M0278,prefill-kv175-20261005,thecodacus,27c54b4bbcefadedcec6397477cc2e866c1db716,UD-IQ3_XXS,context-quality,pinned-hybrid43-mtp3-q8,32768,28672,28672,0,227,1069.9745519061737,36.43499971867666,27.061304301023483,32.1775369750103,33.26470238098409,True,True,eos,0,1,PASS_QA_NOT_PRODUCTION_ACCEPTANCE,14,43,8192,8192,q8_0,q8_0,0,3,none,native default ON,natural-quality,False
M0279,prefill-kv175-20261005,thecodacus,27c54b4bbcefadedcec6397477cc2e866c1db716,UD-IQ3_XXS,synthetic-speed,pinned-hybrid43-mtp3-f16,32768,8192,8192,0,512,1041.3872620744098,31.25552591275769,7.869024949963205,,24.218227647943422,,False,limit,0,1,PASS_QA_NOT_PRODUCTION_ACCEPTANCE,14,43,8192,8192,f16,f16,0,3,none,native default ON,fresh-prompt,False
M0280,prefill-kv175-20261005,thecodacus,27c54b4bbcefadedcec6397477cc2e866c1db716,UD-IQ3_XXS,synthetic-speed,pinned-hybrid43-mtp3-f16,32768,8192,4,8188,512,28.61291730151577,32.257034148142225,0.14186408801469952,,15.983612403040752,,False,limit,0,1,PASS_QA_NOT_PRODUCTION_ACCEPTANCE,14,43,8192,8192,f16,f16,0,3,none,native default ON,reuse-requested,False
M0281,prefill-kv175-20261005,thecodacus,27c54b4bbcefadedcec6397477cc2e866c1db716,UD-IQ3_XXS,synthetic-speed,pinned-hybrid43-mtp3-f16,32768,8192,8192,0,512,1198.8526605397178,32.82787612185733,6.835620573954657,,22.401918457006104,,False,limit,1,1,PASS_QA_NOT_PRODUCTION_ACCEPTANCE,14,43,8192,8192,f16,f16,0,3,none,native default ON,fresh-prompt,False
M0282,prefill-kv175-20261005,thecodacus,27c54b4bbcefadedcec6397477cc2e866c1db716,UD-IQ3_XXS,synthetic-speed,pinned-hybrid43-mtp3-f16,32768,8192,4,8188,512,31.167940656240994,32.44534673408696,0.13044431200250983,,15.880346538964659,,False,limit,1,1,PASS_QA_NOT_PRODUCTION_ACCEPTANCE,14,43,8192,8192,f16,f16,0,3,none,native default ON,reuse-requested,False
M0283,prefill-kv175-20261005,thecodacus,27c54b4bbcefadedcec6397477cc2e866c1db716,UD-IQ3_XXS,synthetic-speed,pinned-hybrid43-mtp3-f16,32768,8192,8192,0,512,1198.3775676358478,32.56578144460404,6.8380915119778365,,22.529671381926164,,False,limit,2,1,PASS_QA_NOT_PRODUCTION_ACCEPTANCE,14,43,8192,8192,f16,f16,0,3,none,native default ON,fresh-prompt,False
M0284,prefill-kv175-20261005,thecodacus,27c54b4bbcefadedcec6397477cc2e866c1db716,UD-IQ3_XXS,synthetic-speed,pinned-hybrid43-mtp3-f16,32768,8192,4,8188,512,28.185488701142216,32.32928445423898,0.14413313497789204,,15.950524042011239,,False,limit,2,1,PASS_QA_NOT_PRODUCTION_ACCEPTANCE,14,43,8192,8192,f16,f16,0,3,none,native default ON,reuse-requested,False
M0285,prefill-kv175-20261005,thecodacus,27c54b4bbcefadedcec6397477cc2e866c1db716,UD-IQ3_XXS,context-quality,pinned-hybrid43-mtp3-f16,32768,8192,8192,0,301,1179.1734817241786,35.7145960911327,7.199095083982684,14.456959035014734,15.599217753042467,True,True,eos,0,1,PASS_QA_NOT_PRODUCTION_ACCEPTANCE,14,43,8192,8192,f16,f16,0,3,none,native default ON,natural-quality,False
M0286,prefill-kv175-20261005,thecodacus,27c54b4bbcefadedcec6397477cc2e866c1db716,UD-IQ3_XXS,context-quality,pinned-hybrid43-mtp3-f16,32768,16384,16384,0,257,1144.2560949062097,39.406137198008146,14.517423492972739,19.96680568100419,21.014239372918382,True,True,eos,0,1,PASS_QA_NOT_PRODUCTION_ACCEPTANCE,14,43,8192,8192,f16,f16,0,3,none,native default ON,natural-quality,False
M0287,prefill-kv175-20261005,thecodacus,27c54b4bbcefadedcec6397477cc2e866c1db716,UD-IQ3_XXS,context-quality,pinned-hybrid43-mtp3-f16,32768,28672,28672,0,177,1071.2423620460684,38.33367855424531,27.122557181981392,30.633264856995083,31.71460281102918,True,True,eos,0,1,PASS_QA_NOT_PRODUCTION_ACCEPTANCE,14,43,8192,8192,f16,f16,0,3,none,native default ON,natural-quality,False
M0288,prefill-mtp1-finalist175-20261005,thecodacus,27c54b4bbcefadedcec6397477cc2e866c1db716,UD-IQ3_XXS,synthetic-speed,pinned-hybrid43-mtp1-f16,32768,8192,8192,0,512,1049.6098236919436,32.282862058299685,7.807358104037121,,23.636264145025052,,False,limit,0,1,PASS_QA_NOT_PRODUCTION_ACCEPTANCE,14,43,8192,8192,f16,f16,0,1,none,native default ON,fresh-prompt,False
M0289,prefill-mtp1-finalist175-20261005,thecodacus,27c54b4bbcefadedcec6397477cc2e866c1db716,UD-IQ3_XXS,synthetic-speed,pinned-hybrid43-mtp1-f16,32768,8192,4,8188,512,29.939671561802967,33.73975765610234,0.13575584604404867,,15.281201531062834,,False,limit,0,1,PASS_QA_NOT_PRODUCTION_ACCEPTANCE,14,43,8192,8192,f16,f16,0,1,none,native default ON,reuse-requested,False
M0290,prefill-mtp1-finalist175-20261005,thecodacus,27c54b4bbcefadedcec6397477cc2e866c1db716,UD-IQ3_XXS,synthetic-speed,pinned-hybrid43-mtp1-f16,32768,8192,8192,0,512,1196.6975122072788,34.18713758121787,6.847654271987267,,21.794931662036106,,False,limit,1,1,PASS_QA_NOT_PRODUCTION_ACCEPTANCE,14,43,8192,8192,f16,f16,0,1,none,native default ON,fresh-prompt,False
M0291,prefill-mtp1-finalist175-20261005,thecodacus,27c54b4bbcefadedcec6397477cc2e866c1db716,UD-IQ3_XXS,synthetic-speed,pinned-hybrid43-mtp1-f16,32768,8192,4,8188,512,26.256194820965572,33.993813392059025,0.1545300220604986,,15.186888523050584,,False,limit,1,1,PASS_QA_NOT_PRODUCTION_ACCEPTANCE,14,43,8192,8192,f16,f16,0,1,none,native default ON,reuse-requested,False
M0292,prefill-mtp1-finalist175-20261005,thecodacus,27c54b4bbcefadedcec6397477cc2e866c1db716,UD-IQ3_XXS,synthetic-speed,pinned-hybrid43-mtp1-f16,32768,8192,8192,0,512,1197.6678226188458,34.128685313618575,6.842167061055079,,21.8150708390167,,False,limit,2,1,PASS_QA_NOT_PRODUCTION_ACCEPTANCE,14,43,8192,8192,f16,f16,0,1,none,native default ON,fresh-prompt,False
M0293,prefill-mtp1-finalist175-20261005,thecodacus,27c54b4bbcefadedcec6397477cc2e866c1db716,UD-IQ3_XXS,synthetic-speed,pinned-hybrid43-mtp1-f16,32768,8192,4,8188,512,29.698486119670047,33.97890820780808,0.1371758959721774,,15.176148687954992,,False,limit,2,1,PASS_QA_NOT_PRODUCTION_ACCEPTANCE,14,43,8192,8192,f16,f16,0,1,none,native default ON,reuse-requested,False
M0294,prefill-mtp1-finalist175-20261005,thecodacus,27c54b4bbcefadedcec6397477cc2e866c1db716,UD-IQ3_XXS,synthetic-speed,pinned-hybrid43-mtp1-f16,32768,8192,8192,0,512,1201.4746223685477,34.145698022930674,6.820544401067309,,21.785996661055833,,False,limit,3,1,PASS_QA_NOT_PRODUCTION_ACCEPTANCE,14,43,8192,8192,f16,f16,0,1,none,native default ON,fresh-prompt,False
M0295,prefill-mtp1-finalist175-20261005,thecodacus,27c54b4bbcefadedcec6397477cc2e866c1db716,UD-IQ3_XXS,synthetic-speed,pinned-hybrid43-mtp1-f16,32768,8192,4,8188,512,29.520948803294534,33.984896739451756,0.1376377330161631,,15.173922382062301,,False,limit,3,1,PASS_QA_NOT_PRODUCTION_ACCEPTANCE,14,43,8192,8192,f16,f16,0,1,none,native default ON,reuse-requested,False
M0296,prefill-mtp1-finalist175-20261005,thecodacus,27c54b4bbcefadedcec6397477cc2e866c1db716,UD-IQ3_XXS,synthetic-speed,pinned-hybrid43-mtp1-f16,32768,8192,8192,0,512,1201.6616140257615,33.968335130131955,6.8196848599473014,,21.863222911953926,,False,limit,4,1,PASS_QA_NOT_PRODUCTION_ACCEPTANCE,14,43,8192,8192,f16,f16,0,1,none,native default ON,fresh-prompt,False
M0297,prefill-mtp1-finalist175-20261005,thecodacus,27c54b4bbcefadedcec6397477cc2e866c1db716,UD-IQ3_XXS,synthetic-speed,pinned-hybrid43-mtp1-f16,32768,8192,4,8188,512,29.13264823055578,33.87623255456891,0.13969383703079075,,15.224194134003483,,False,limit,4,1,PASS_QA_NOT_PRODUCTION_ACCEPTANCE,14,43,8192,8192,f16,f16,0,1,none,native default ON,reuse-requested,False
M0298,prefill-mtp1-finalist175-20261005,thecodacus,27c54b4bbcefadedcec6397477cc2e866c1db716,UD-IQ3_XXS,context-quality,pinned-hybrid43-mtp1-f16,32768,8192,8192,0,202,1182.2355826644894,35.53873271000871,7.1785577040864155,11.484611309017055,12.834469011053443,True,True,eos,0,1,PASS_QA_NOT_PRODUCTION_ACCEPTANCE,14,43,8192,8192,f16,f16,0,1,none,native default ON,natural-quality,False
M0299,prefill-mtp1-finalist175-20261005,thecodacus,27c54b4bbcefadedcec6397477cc2e866c1db716,UD-IQ3_XXS,context-quality,pinned-hybrid43-mtp1-f16,32768,16384,16384,0,225,1145.4908289070595,34.530280281051816,14.49818233505357,19.59647656197194,20.985586146009155,True,True,eos,0,1,PASS_QA_NOT_PRODUCTION_ACCEPTANCE,14,43,8192,8192,f16,f16,0,1,none,native default ON,natural-quality,False
M0300,prefill-mtp1-finalist175-20261005,thecodacus,27c54b4bbcefadedcec6397477cc2e866c1db716,UD-IQ3_XXS,context-quality,pinned-hybrid43-mtp1-f16,32768,28672,28672,0,224,1069.834818504008,32.74682256699552,27.151763233006932,32.58423223008867,33.96219397406094,True,True,eos,0,1,PASS_QA_NOT_PRODUCTION_ACCEPTANCE,14,43,8192,8192,f16,f16,0,1,none,native default ON,natural-quality,False
M0301,prefill-observe175-20261005/benchmark,thecodacus,27c54b4bbcefadedcec6397477cc2e866c1db716,UD-IQ3_XXS,synthetic-speed,benchmark,32768,16384,16384,0,512,739.3958255184706,29.339542215869216,22.296371476026252,,39.71353431197349,,False,limit,0,1,NO_SUMMARY_STATUS,,,,,,,,,,,fresh-prompt,True
M0302,prefill-observe175-20261005/benchmark,thecodacus,27c54b4bbcefadedcec6397477cc2e866c1db716,UD-IQ3_XXS,synthetic-speed,benchmark,32768,16384,4,16380,512,30.57005510252432,29.360076168426176,0.13446020300034434,,17.539334325003438,,False,limit,0,1,NO_SUMMARY_STATUS,,,,,,,,,,,reuse-requested,True
M0303,prefill-path175-20261005,thecodacus,27c54b4bbcefadedcec6397477cc2e866c1db716,UD-IQ3_XXS,synthetic-speed,uncached-cpu99,32768,8192,8192,0,512,993.3967973867068,28.224591970992854,8.24889518006239,,26.353711826028302,,False,limit,0,1,PASS_QA_NOT_PRODUCTION_ACCEPTANCE,14,99,8192,8192,q8_0,q8_0,0,,mmap,native default ON,fresh-prompt,False
M0304,prefill-path175-20261005,thecodacus,27c54b4bbcefadedcec6397477cc2e866c1db716,UD-IQ3_XXS,synthetic-speed,uncached-cpu99,32768,8192,4,8188,512,31.182762169072934,28.296789128451145,0.1306188440648839,,18.189398457063362,,False,limit,0,1,PASS_QA_NOT_PRODUCTION_ACCEPTANCE,14,99,8192,8192,q8_0,q8_0,0,,mmap,native default ON,reuse-requested,False
M0305,prefill-path175-20261005,thecodacus,27c54b4bbcefadedcec6397477cc2e866c1db716,UD-IQ3_XXS,synthetic-speed,uncached-cpu99,32768,8192,8192,0,512,1085.4858536361724,28.077091230931,7.548896668013185,,25.748997153015807,,False,limit,1,1,PASS_QA_NOT_PRODUCTION_ACCEPTANCE,14,99,8192,8192,q8_0,q8_0,0,,mmap,native default ON,fresh-prompt,False
M0306,prefill-path175-20261005,thecodacus,27c54b4bbcefadedcec6397477cc2e866c1db716,UD-IQ3_XXS,synthetic-speed,uncached-cpu99,32768,8192,4,8188,512,27.042375402255335,28.04723153790984,0.15057023195549846,,18.369989505037665,,False,limit,1,1,PASS_QA_NOT_PRODUCTION_ACCEPTANCE,14,99,8192,8192,q8_0,q8_0,0,,mmap,native default ON,reuse-requested,False
M0307,prefill-path175-20261005,thecodacus,27c54b4bbcefadedcec6397477cc2e866c1db716,UD-IQ3_XXS,synthetic-speed,uncached-cpu99,32768,8192,8192,0,512,1085.9922379129011,28.181056726757575,7.545515123056248,,25.678417009068653,,False,limit,2,1,PASS_QA_NOT_PRODUCTION_ACCEPTANCE,14,99,8192,8192,q8_0,q8_0,0,,mmap,native default ON,fresh-prompt,False
M0308,prefill-path175-20261005,thecodacus,27c54b4bbcefadedcec6397477cc2e866c1db716,UD-IQ3_XXS,synthetic-speed,uncached-cpu99,32768,8192,4,8188,512,29.81470162937344,28.23174784353093,0.13623512000776827,,18.236579342046753,,False,limit,2,1,PASS_QA_NOT_PRODUCTION_ACCEPTANCE,14,99,8192,8192,q8_0,q8_0,0,,mmap,native default ON,reuse-requested,False
M0309,prefill-path175-20261005,thecodacus,27c54b4bbcefadedcec6397477cc2e866c1db716,UD-IQ3_XXS,context-quality,uncached-cpu99,32768,8192,8192,0,217,1078.9320732446313,28.177388663114666,7.779851461062208,13.689712277031504,15.445685312035494,True,True,eos,0,1,PASS_QA_NOT_PRODUCTION_ACCEPTANCE,14,99,8192,8192,q8_0,q8_0,0,,mmap,native default ON,natural-quality,False
M0310,upstream178/results/control32-noMTP,thecodacus,27c54b4bbcefadedcec6397477cc2e866c1db716,UD-IQ3_XXS,synthetic-speed,codacus-ctx32768-cpu43-f16-u8192-noMTP,32768,8192,8192,0,512,1156.42284759527,30.142324861590104,7.0861471929820254,,24.03910477901809,,False,limit,0,1,PASS_FINITE_PROTOCOL_AND_RETRIEVAL_NOT_PRODUCTION_ACCEPTANCE,14,43,8192,8192,f16,f16,0,False,none,native ON,fresh-prompt,False
M0311,upstream178/results/control32-noMTP,thecodacus,27c54b4bbcefadedcec6397477cc2e866c1db716,UD-IQ3_XXS,context-quality,codacus-ctx32768-cpu43-f16-u8192-noMTP,32768,8192,8192,0,195,1282.3143770890244,29.93277469106754,6.579459304921329,11.382721372996457,13.06079088198021,True,True,eos,0,1,PASS_FINITE_PROTOCOL_AND_RETRIEVAL_NOT_PRODUCTION_ACCEPTANCE,14,43,8192,8192,f16,f16,0,False,none,native ON,fresh-prompt,False
M0312,upstream178/results/control32-noMTP,thecodacus,27c54b4bbcefadedcec6397477cc2e866c1db716,UD-IQ3_XXS,synthetic-speed,codacus-ctx32768-cpu43-f16-u8192-noMTP,32768,28672,28672,0,512,1154.1154265970392,27.576280254444338,25.080369552015327,,43.61131375702098,,False,limit,0,1,PASS_FINITE_PROTOCOL_AND_RETRIEVAL_NOT_PRODUCTION_ACCEPTANCE,14,43,8192,8192,f16,f16,0,False,none,native ON,fresh-prompt,False
M0313,upstream178/results/control32-noMTP,thecodacus,27c54b4bbcefadedcec6397477cc2e866c1db716,UD-IQ3_XXS,context-quality,codacus-ctx32768-cpu43-f16-u8192-noMTP,32768,28672,28672,0,221,1153.500214571477,27.680124953116792,25.37417613901198,31.54302254295908,33.322737572016194,True,True,eos,0,1,PASS_FINITE_PROTOCOL_AND_RETRIEVAL_NOT_PRODUCTION_ACCEPTANCE,14,43,8192,8192,f16,f16,0,False,none,native ON,fresh-prompt,False
M0314,upstream178/results/upstream256-cpu43-u2048-noMTP,llama.cpp upstream,8345f333951c661d166b00e6f9362e553768f292,UD-IQ3_XXS,synthetic-speed,upstream-ctx262144-cpu43-f16-u2048-noMTP,262144,8192,8192,0,512,818.4849715288723,31.894790881585127,10.011002797051333,,26.032377335010096,,False,limit,0,1,PASS_FINITE_PROTOCOL_AND_RETRIEVAL_NOT_PRODUCTION_ACCEPTANCE,14,43,8192,2048,f16,f16,,False,none,native ON,fresh-prompt,False
M0315,upstream178/results/upstream256-cpu43-u2048-noMTP,llama.cpp upstream,8345f333951c661d166b00e6f9362e553768f292,UD-IQ3_XXS,context-quality,upstream-ctx262144-cpu43-f16-u2048-noMTP,262144,8192,8192,0,152,822.6959642304007,32.075737826938855,10.175304400967434,13.326689700013958,14.883076456957497,True,True,eos,0,1,PASS_FINITE_PROTOCOL_AND_RETRIEVAL_NOT_PRODUCTION_ACCEPTANCE,14,43,8192,2048,f16,f16,,False,none,native ON,fresh-prompt,False
M0316,upstream178/results/upstream256-cpu43-u2048-noMTP,llama.cpp upstream,8345f333951c661d166b00e6f9362e553768f292,UD-IQ3_XXS,synthetic-speed,upstream-ctx262144-cpu43-f16-u2048-noMTP,262144,131072,131072,0,512,738.9676288687983,29.77714053790569,177.65769112005364,,194.8209484750405,,False,limit,0,1,PASS_FINITE_PROTOCOL_AND_RETRIEVAL_NOT_PRODUCTION_ACCEPTANCE,14,43,8192,2048,f16,f16,,False,none,native ON,fresh-prompt,False
M0317,upstream178/results/upstream256-cpu43-u2048-noMTP,llama.cpp upstream,8345f333951c661d166b00e6f9362e553768f292,UD-IQ3_XXS,context-quality,upstream-ctx262144-cpu43-f16-u2048-noMTP,262144,131072,131072,0,280,736.7119472024303,29.714140384296496,179.47210663906299,187.16906347603071,188.86395260202698,True,True,eos,0,1,PASS_FINITE_PROTOCOL_AND_RETRIEVAL_NOT_PRODUCTION_ACCEPTANCE,14,43,8192,2048,f16,f16,,False,none,native ON,fresh-prompt,False
M0318,upstream178/results/upstream256-cpu43-u2048-noMTP,llama.cpp upstream,8345f333951c661d166b00e6f9362e553768f292,UD-IQ3_XXS,synthetic-speed,upstream-ctx262144-cpu43-f16-u2048-noMTP,262144,235929,235929,0,512,695.0425769809831,28.30228233260211,341.14782722794916,,359.2072641309351,,False,limit,0,1,PASS_FINITE_PROTOCOL_AND_RETRIEVAL_NOT_PRODUCTION_ACCEPTANCE,14,43,8192,2048,f16,f16,,False,none,native ON,fresh-prompt,False
M0319,upstream178/results/upstream256-cpu43-u2048-noMTP,llama.cpp upstream,8345f333951c661d166b00e6f9362e553768f292,UD-IQ3_XXS,context-quality,upstream-ctx262144-cpu43-f16-u2048-noMTP,262144,235929,235929,0,223,694.2680459842634,28.31785078227425,342.5918638560688,348.6850184709765,350.4366564799566,True,True,eos,0,1,PASS_FINITE_PROTOCOL_AND_RETRIEVAL_NOT_PRODUCTION_ACCEPTANCE,14,43,8192,2048,f16,f16,,False,none,native ON,fresh-prompt,False
M0320,upstream178/results/upstream256-cpu46-u4096-deep179,llama.cpp upstream,8345f333951c661d166b00e6f9362e553768f292,UD-IQ3_XXS,synthetic-speed,upstream-ctx262144-cpu46-f16-u4096-noMTP,262144,235929,235929,0,512,905.7578305338382,27.393347672937796,260.5154114130419,,279.17367621301673,,False,limit,0,1,PASS_FINITE_PROTOCOL_AND_RETRIEVAL_NOT_PRODUCTION_ACCEPTANCE,14,46,8192,4096,f16,f16,,False,none,native ON,fresh-prompt,False
M0321,upstream178/results/upstream256-cpu46-u4096-deep179,llama.cpp upstream,8345f333951c661d166b00e6f9362e553768f292,UD-IQ3_XXS,context-quality,upstream-ctx262144-cpu46-f16-u4096-noMTP,262144,235929,235929,0,313,905.251338345896,27.45755695330948,263.1968820040347,272.7694089090219,274.56435050594155,True,True,eos,0,1,PASS_FINITE_PROTOCOL_AND_RETRIEVAL_NOT_PRODUCTION_ACCEPTANCE,14,46,8192,4096,f16,f16,,False,none,native ON,fresh-prompt,False
M0322,upstream178/results/upstream256-cpu46-u4096-short179,llama.cpp upstream,8345f333951c661d166b00e6f9362e553768f292,UD-IQ3_XXS,synthetic-speed,upstream-ctx262144-cpu46-f16-u4096-noMTP,262144,8192,8192,0,512,1066.825301366427,30.44763081979501,7.681155384052545,,24.464166517020203,,False,limit,0,1,PASS_FINITE_PROTOCOL_AND_RETRIEVAL_NOT_PRODUCTION_ACCEPTANCE,14,46,8192,4096,f16,f16,,False,none,native ON,fresh-prompt,False
M0323,upstream178/results/upstream256-cpu46-u4096-short179,llama.cpp upstream,8345f333951c661d166b00e6f9362e553768f292,UD-IQ3_XXS,context-quality,upstream-ctx262144-cpu46-f16-u4096-noMTP,262144,8192,8192,0,260,1082.6135072422244,30.361704020745364,7.78587994701229,14.638892211019993,16.31656840001233,True,True,eos,0,1,PASS_FINITE_PROTOCOL_AND_RETRIEVAL_NOT_PRODUCTION_ACCEPTANCE,14,46,8192,4096,f16,f16,,False,none,native ON,fresh-prompt,False
M0324,upstream178/results/upstream256-f16-noMTP,llama.cpp upstream,8345f333951c661d166b00e6f9362e553768f292,UD-IQ3_XXS,synthetic-speed,upstream-ctx262144-cpu48-f16-u4096-noMTP,262144,8192,8192,0,512,1046.628366950563,29.549069062650908,7.829548526904546,,25.12288550392259,,False,limit,0,1,PASS_FINITE_PROTOCOL_AND_RETRIEVAL_NOT_PRODUCTION_ACCEPTANCE,14,48,8192,4096,f16,f16,,False,none,native ON,fresh-prompt,False
M0325,upstream178/results/upstream256-f16-noMTP,llama.cpp upstream,8345f333951c661d166b00e6f9362e553768f292,UD-IQ3_XXS,context-quality,upstream-ctx262144-cpu48-f16-u4096-noMTP,262144,8192,8192,0,260,1063.232619125338,29.632463633873634,7.923792988061905,14.957516803056933,16.66430092405062,True,True,eos,0,1,PASS_FINITE_PROTOCOL_AND_RETRIEVAL_NOT_PRODUCTION_ACCEPTANCE,14,48,8192,4096,f16,f16,,False,none,native ON,fresh-prompt,False
M0326,upstream178/results/upstream256-f16-noMTP,llama.cpp upstream,8345f333951c661d166b00e6f9362e553768f292,UD-IQ3_XXS,synthetic-speed,upstream-ctx262144-cpu48-f16-u4096-noMTP,262144,131072,131072,0,512,962.9052209302617,28.059612454470397,136.41042512003332,,154.6242735889973,,False,limit,0,1,PASS_FINITE_PROTOCOL_AND_RETRIEVAL_NOT_PRODUCTION_ACCEPTANCE,14,48,8192,4096,f16,f16,,False,none,native ON,fresh-prompt,False
M0327,upstream178/results/upstream256-f16-noMTP,llama.cpp upstream,8345f333951c661d166b00e6f9362e553768f292,UD-IQ3_XXS,context-quality,upstream-ctx262144-cpu48-f16-u4096-noMTP,262144,131072,131072,0,342,960.8132782412905,27.895257806172953,137.9876763500506,148.44930966105312,150.2146512370091,True,True,eos,0,1,PASS_FINITE_PROTOCOL_AND_RETRIEVAL_NOT_PRODUCTION_ACCEPTANCE,14,48,8192,4096,f16,f16,,False,none,native ON,fresh-prompt,False
M0328,upstream178/results/upstream256-f16-noMTP,llama.cpp upstream,8345f333951c661d166b00e6f9362e553768f292,UD-IQ3_XXS,synthetic-speed,upstream-ctx262144-cpu48-f16-u4096-noMTP,262144,235929,235929,0,512,898.3678122583424,26.778338451786517,264.33161456894595,,283.4186566369608,,False,limit,0,1,PASS_FINITE_PROTOCOL_AND_RETRIEVAL_NOT_PRODUCTION_ACCEPTANCE,14,48,8192,4096,f16,f16,,False,none,native ON,fresh-prompt,False
M0329,upstream178/results/upstream256-f16-noMTP,llama.cpp upstream,8345f333951c661d166b00e6f9362e553768f292,UD-IQ3_XXS,context-quality,upstream-ctx262144-cpu48-f16-u4096-noMTP,262144,235929,235929,0,271,896.9843837371802,26.801361707703357,265.8010503030382,274.0276887030341,275.8816258700099,True,True,eos,0,1,PASS_FINITE_PROTOCOL_AND_RETRIEVAL_NOT_PRODUCTION_ACCEPTANCE,14,48,8192,4096,f16,f16,,False,none,native ON,fresh-prompt,False
M0330,upstream178/results/upstream256-noMTP,llama.cpp upstream,8345f333951c661d166b00e6f9362e553768f292,UD-IQ3_XXS,synthetic-speed,upstream-ctx262144-cpu48-q8_0-u4096-noMTP,262144,8192,8192,0,512,1046.5060278210663,28.913961612783435,7.830459109973162,,25.503500169026665,,False,limit,0,1,PASS_FINITE_PROTOCOL_AND_RETRIEVAL_NOT_PRODUCTION_ACCEPTANCE,14,48,8192,4096,q8_0,q8_0,,False,none,native ON,fresh-prompt,False
M0331,upstream178/results/upstream256-noMTP,llama.cpp upstream,8345f333951c661d166b00e6f9362e553768f292,UD-IQ3_XXS,context-quality,upstream-ctx262144-cpu48-q8_0-u4096-noMTP,262144,8192,8192,0,196,1063.2765036789601,29.446869994032102,7.881737474002875,12.776213048957288,14.503936819033697,True,True,eos,0,1,PASS_FINITE_PROTOCOL_AND_RETRIEVAL_NOT_PRODUCTION_ACCEPTANCE,14,48,8192,4096,q8_0,q8_0,,False,none,native ON,fresh-prompt,False
M0332,upstream178/results/upstream256-noMTP,llama.cpp upstream,8345f333951c661d166b00e6f9362e553768f292,UD-IQ3_XXS,synthetic-speed,upstream-ctx262144-cpu48-q8_0-u4096-noMTP,262144,131072,131072,0,512,960.7238805815349,20.84859748506347,136.66840577404946,,161.18101246200968,,False,limit,0,1,PASS_FINITE_PROTOCOL_AND_RETRIEVAL_NOT_PRODUCTION_ACCEPTANCE,14,48,8192,4096,q8_0,q8_0,,False,none,native ON,fresh-prompt,False
M0333,upstream178/results/upstream256-noMTP,llama.cpp upstream,8345f333951c661d166b00e6f9362e553768f292,UD-IQ3_XXS,context-quality,upstream-ctx262144-cpu48-q8_0-u4096-noMTP,262144,131072,131072,0,332,957.2504127043268,20.87982142516956,137.89029463601764,151.37079939397518,153.74564786197152,True,True,eos,0,1,PASS_FINITE_PROTOCOL_AND_RETRIEVAL_NOT_PRODUCTION_ACCEPTANCE,14,48,8192,4096,q8_0,q8_0,,False,none,native ON,fresh-prompt,False
M0334,upstream178/results/upstream256-noMTP,llama.cpp upstream,8345f333951c661d166b00e6f9362e553768f292,UD-IQ3_XXS,synthetic-speed,upstream-ctx262144-cpu48-q8_0-u4096-noMTP,262144,235929,235929,0,512,894.8165416730511,16.76547084676553,264.8561946640257,,295.3398790390929,,False,limit,0,1,PASS_FINITE_PROTOCOL_AND_RETRIEVAL_NOT_PRODUCTION_ACCEPTANCE,14,48,8192,4096,q8_0,q8_0,,False,none,native ON,fresh-prompt,False
M0335,upstream178/results/upstream256-noMTP,llama.cpp upstream,8345f333951c661d166b00e6f9362e553768f292,UD-IQ3_XXS,context-quality,upstream-ctx262144-cpu48-q8_0-u4096-noMTP,262144,235929,235929,0,202,895.0264976652107,16.766839495800284,265.3648010600591,274.3904977940256,277.3571261090692,True,True,eos,0,1,PASS_FINITE_PROTOCOL_AND_RETRIEVAL_NOT_PRODUCTION_ACCEPTANCE,14,48,8192,4096,q8_0,q8_0,,False,none,native ON,fresh-prompt,False
M0336,upstream178/results/upstream32-noMTP,llama.cpp upstream,8345f333951c661d166b00e6f9362e553768f292,UD-IQ3_XXS,synthetic-speed,upstream-ctx32768-cpu43-f16-u8192-noMTP,32768,8192,8192,0,512,1334.0103262039559,32.13864169773036,6.14376645500306,,22.043590831919573,,False,limit,0,1,PASS_FINITE_PROTOCOL_AND_RETRIEVAL_NOT_PRODUCTION_ACCEPTANCE,14,43,8192,8192,f16,f16,,False,none,native ON,fresh-prompt,False
M0337,upstream178/results/upstream32-noMTP,llama.cpp upstream,8345f333951c661d166b00e6f9362e553768f292,UD-IQ3_XXS,context-quality,upstream-ctx32768-cpu43-f16-u8192-noMTP,32768,8192,8192,0,214,1368.895884873717,32.15136075728681,6.162865885067731,11.25145644810982,12.787843017023988,True,True,eos,0,1,PASS_FINITE_PROTOCOL_AND_RETRIEVAL_NOT_PRODUCTION_ACCEPTANCE,14,43,8192,8192,f16,f16,,False,none,native ON,fresh-prompt,False
M0338,upstream178/results/upstream32-noMTP,llama.cpp upstream,8345f333951c661d166b00e6f9362e553768f292,UD-IQ3_XXS,synthetic-speed,upstream-ctx32768-cpu43-f16-u8192-noMTP,32768,28672,28672,0,512,1253.311350261575,31.4175706237476,23.109955381951295,,39.375287982984446,,False,limit,0,1,PASS_FINITE_PROTOCOL_AND_RETRIEVAL_NOT_PRODUCTION_ACCEPTANCE,14,43,8192,8192,f16,f16,,False,none,native ON,fresh-prompt,False
M0339,upstream178/results/upstream32-noMTP,llama.cpp upstream,8345f333951c661d166b00e6f9362e553768f292,UD-IQ3_XXS,context-quality,upstream-ctx32768-cpu43-f16-u8192-noMTP,32768,28672,28672,0,197,1245.4724457248415,31.382213586064758,23.511333732982166,28.173069415963255,29.75749554298818,True,True,eos,0,1,PASS_FINITE_PROTOCOL_AND_RETRIEVAL_NOT_PRODUCTION_ACCEPTANCE,14,43,8192,8192,f16,f16,,False,none,native ON,fresh-prompt,False
M0340,historical180/benchmarks-20261004/cache-c32-t14-a1-20261004T214318Z-578888,thecodacus,27c54b4bbcefadedcec6397477cc2e866c1db716,UD-Q4_K_XL,native-random,t14-b2048-u512-PP512-TG0,,512,,,0,209.551255,,,,,,False,,,3,PROCESS_PASS_REQUIRES_RESULT_REVIEW,14,99,2048,512,q8_0,q8_0,,,mmap,,random-tokens,False
M0341,historical180/benchmarks-20261004/cache-c32-t14-a1-20261004T214318Z-578888,thecodacus,27c54b4bbcefadedcec6397477cc2e866c1db716,UD-Q4_K_XL,native-random,t14-b2048-u512-PP0-TG256,,0,,,256,,19.668742,,,,,False,,,3,PROCESS_PASS_REQUIRES_RESULT_REVIEW,14,99,2048,512,q8_0,q8_0,,,mmap,,random-tokens,False
M0342,historical180/benchmarks-20261004/cache-c40-t14-a1-20261004T214501Z-581674,thecodacus,27c54b4bbcefadedcec6397477cc2e866c1db716,UD-Q4_K_XL,native-random,t14-b2048-u512-PP512-TG0,,512,,,0,211.051625,,,,,,False,,,3,PROCESS_PASS_REQUIRES_RESULT_REVIEW,14,99,2048,512,q8_0,q8_0,,,mmap,,random-tokens,False
M0343,historical180/benchmarks-20261004/cache-c40-t14-a1-20261004T214501Z-581674,thecodacus,27c54b4bbcefadedcec6397477cc2e866c1db716,UD-Q4_K_XL,native-random,t14-b2048-u512-PP0-TG256,,0,,,256,,19.811095,,,,,False,,,3,PROCESS_PASS_REQUIRES_RESULT_REVIEW,14,99,2048,512,q8_0,q8_0,,,mmap,,random-tokens,False
M0344,historical180/benchmarks-20261004/cache-c48-t14-a1-20261004T214653Z-584724,thecodacus,27c54b4bbcefadedcec6397477cc2e866c1db716,UD-Q4_K_XL,native-random,t14-b2048-u512-PP512-TG0,,512,,,0,216.511527,,,,,,False,,,3,PROCESS_PASS_REQUIRES_RESULT_REVIEW,14,99,2048,512,q8_0,q8_0,,,mmap,,random-tokens,False
M0345,historical180/benchmarks-20261004/cache-c48-t14-a1-20261004T214653Z-584724,thecodacus,27c54b4bbcefadedcec6397477cc2e866c1db716,UD-Q4_K_XL,native-random,t14-b2048-u512-PP0-TG256,,0,,,256,,19.983607,,,,,False,,,3,PROCESS_PASS_REQUIRES_RESULT_REVIEW,14,99,2048,512,q8_0,q8_0,,,mmap,,random-tokens,False
M0346,historical180/benchmarks-20261004/overlap-c48-t14-a0-20261004T214842Z-587507,thecodacus,27c54b4bbcefadedcec6397477cc2e866c1db716,UD-Q4_K_XL,native-random,t14-b2048-u512-PP512-TG0,,512,,,0,213.996816,,,,,,False,,,3,PROCESS_PASS_REQUIRES_RESULT_REVIEW,14,99,2048,512,q8_0,q8_0,,,mmap,,random-tokens,False
M0347,historical180/benchmarks-20261004/overlap-c48-t14-a0-20261004T214842Z-587507,thecodacus,27c54b4bbcefadedcec6397477cc2e866c1db716,UD-Q4_K_XL,native-random,t14-b2048-u512-PP0-TG256,,0,,,256,,22.956369,,,,,False,,,3,PROCESS_PASS_REQUIRES_RESULT_REVIEW,14,99,2048,512,q8_0,q8_0,,,mmap,,random-tokens,False
M0348,historical180/benchmarks-20261004/overlap-c48-t14-a1-20261004T215031Z-590180,thecodacus,27c54b4bbcefadedcec6397477cc2e866c1db716,UD-Q4_K_XL,native-random,t14-b2048-u512-PP512-TG0,,512,,,0,214.311759,,,,,,False,,,3,PROCESS_PASS_REQUIRES_RESULT_REVIEW,14,99,2048,512,q8_0,q8_0,,,mmap,,random-tokens,False
M0349,historical180/benchmarks-20261004/overlap-c48-t14-a1-20261004T215031Z-590180,thecodacus,27c54b4bbcefadedcec6397477cc2e866c1db716,UD-Q4_K_XL,native-random,t14-b2048-u512-PP0-TG256,,0,,,256,,19.838247,,,,,False,,,3,PROCESS_PASS_REQUIRES_RESULT_REVIEW,14,99,2048,512,q8_0,q8_0,,,mmap,,random-tokens,False
M0350,historical180/benchmarks-20261004/prefill-c32-t14-a1-b1024-u1024-pf0-20261004T223734Z-660149,thecodacus,27c54b4bbcefadedcec6397477cc2e866c1db716,UD-Q4_K_XL,native-random,t14-b1024-u1024-PP4096-TG0,,4096,,,0,318.052634,,,,,,False,,,3,PROCESS_PASS_REQUIRES_RESULT_REVIEW,14,99,1024,1024,q8_0,q8_0,,,mmap,,random-tokens,False
M0351,historical180/benchmarks-20261004/prefill-c32-t14-a1-b1024-u128-pf0-20261004T223048Z-649423,thecodacus,27c54b4bbcefadedcec6397477cc2e866c1db716,UD-Q4_K_XL,native-random,t14-b1024-u128-PP4096-TG0,,4096,,,0,86.020942,,,,,,False,,,3,PROCESS_PASS_REQUIRES_RESULT_REVIEW,14,99,1024,128,q8_0,q8_0,,,mmap,,random-tokens,False
M0352,historical180/benchmarks-20261004/prefill-c32-t14-a1-b1024-u256-pf0-20261004T223403Z-654270,thecodacus,27c54b4bbcefadedcec6397477cc2e866c1db716,UD-Q4_K_XL,native-random,t14-b1024-u256-PP4096-TG0,,4096,,,0,133.101189,,,,,,False,,,3,PROCESS_PASS_REQUIRES_RESULT_REVIEW,14,99,1024,256,q8_0,q8_0,,,mmap,,random-tokens,False
M0353,historical180/benchmarks-20261004/prefill-c32-t14-a1-b1024-u512-pf0-20261004T223610Z-657788,thecodacus,27c54b4bbcefadedcec6397477cc2e866c1db716,UD-Q4_K_XL,native-random,t14-b1024-u512-PP4096-TG0,,4096,,,0,206.95753,,,,,,False,,,3,PROCESS_PASS_REQUIRES_RESULT_REVIEW,14,99,1024,512,q8_0,q8_0,,,mmap,,random-tokens,False
M0354,historical180/benchmarks-20261004/prefill-c32-t14-a1-b2048-u1024-pf0-20261004T224515Z-669667,thecodacus,27c54b4bbcefadedcec6397477cc2e866c1db716,UD-Q4_K_XL,native-random,t14-b2048-u1024-PP4096-TG0,,4096,,,0,318.363482,,,,,,False,,,3,PROCESS_PASS_REQUIRES_RESULT_REVIEW,14,99,2048,1024,q8_0,q8_0,,,mmap,,random-tokens,False
M0355,historical180/benchmarks-20261004/prefill-c32-t14-a1-b2048-u128-pf0-20261004T223830Z-661175,thecodacus,27c54b4bbcefadedcec6397477cc2e866c1db716,UD-Q4_K_XL,native-random,t14-b2048-u128-PP4096-TG0,,4096,,,0,86.536258,,,,,,False,,,3,PROCESS_PASS_REQUIRES_RESULT_REVIEW,14,99,2048,128,q8_0,q8_0,,,mmap,,random-tokens,False
M0356,historical180/benchmarks-20261004/prefill-c32-t14-a1-b2048-u256-pf0-20261004T224144Z-665751,thecodacus,27c54b4bbcefadedcec6397477cc2e866c1db716,UD-Q4_K_XL,native-random,t14-b2048-u256-PP4096-TG0,,4096,,,0,133.79176,,,,,,False,,,3,PROCESS_PASS_REQUIRES_RESULT_REVIEW,14,99,2048,256,q8_0,q8_0,,,mmap,,random-tokens,False
M0357,historical180/benchmarks-20261004/prefill-c32-t14-a1-b2048-u512-pf0-20261004T224351Z-668259,thecodacus,27c54b4bbcefadedcec6397477cc2e866c1db716,UD-Q4_K_XL,native-random,t14-b2048-u512-PP4096-TG0,,4096,,,0,207.364569,,,,,,False,,,3,PROCESS_PASS_REQUIRES_RESULT_REVIEW,14,99,2048,512,q8_0,q8_0,,,mmap,,random-tokens,False
M0358,historical180/benchmarks-20261004/prefill-c32-t14-a1-b4096-u1024-pf0-20261004T225256Z-677442,thecodacus,27c54b4bbcefadedcec6397477cc2e866c1db716,UD-Q4_K_XL,native-random,t14-b4096-u1024-PP4096-TG0,,4096,,,0,317.176334,,,,,,False,,,3,PROCESS_PASS_REQUIRES_RESULT_REVIEW,14,99,4096,1024,q8_0,q8_0,,,mmap,,random-tokens,False
M0359,historical180/benchmarks-20261004/prefill-c32-t14-a1-b4096-u128-pf0-20261004T224611Z-670693,thecodacus,27c54b4bbcefadedcec6397477cc2e866c1db716,UD-Q4_K_XL,native-random,t14-b4096-u128-PP4096-TG0,,4096,,,0,86.396424,,,,,,False,,,3,PROCESS_PASS_REQUIRES_RESULT_REVIEW,14,99,4096,128,q8_0,q8_0,,,mmap,,random-tokens,False
M0360,historical180/benchmarks-20261004/prefill-c32-t14-a1-b4096-u256-pf0-20261004T224925Z-673871,thecodacus,27c54b4bbcefadedcec6397477cc2e866c1db716,UD-Q4_K_XL,native-random,t14-b4096-u256-PP4096-TG0,,4096,,,0,133.582034,,,,,,False,,,3,PROCESS_PASS_REQUIRES_RESULT_REVIEW,14,99,4096,256,q8_0,q8_0,,,mmap,,random-tokens,False
M0361,historical180/benchmarks-20261004/prefill-c32-t14-a1-b4096-u512-pf0-20261004T225132Z-676022,thecodacus,27c54b4bbcefadedcec6397477cc2e866c1db716,UD-Q4_K_XL,native-random,t14-b4096-u512-PP4096-TG0,,4096,,,0,206.931589,,,,,,False,,,3,PROCESS_PASS_REQUIRES_RESULT_REVIEW,14,99,4096,512,q8_0,q8_0,,,mmap,,random-tokens,False
M0362,historical180/benchmarks-20261004/prefill-c32-t14-a1-b512-u128-pf0-20261004T222319Z-634105,thecodacus,27c54b4bbcefadedcec6397477cc2e866c1db716,UD-Q4_K_XL,native-random,t14-b512-u128-PP4096-TG0,,4096,,,0,79.315744,,,,,,False,,,3,PROCESS_PASS_REQUIRES_RESULT_REVIEW,14,99,512,128,q8_0,q8_0,,,mmap,,random-tokens,False
M0363,historical180/benchmarks-20261004/prefill-c32-t14-a1-b512-u256-pf0-20261004T222716Z-642697,thecodacus,27c54b4bbcefadedcec6397477cc2e866c1db716,UD-Q4_K_XL,native-random,t14-b512-u256-PP4096-TG0,,4096,,,0,132.752055,,,,,,False,,,3,PROCESS_PASS_REQUIRES_RESULT_REVIEW,14,99,512,256,q8_0,q8_0,,,mmap,,random-tokens,False
M0364,historical180/benchmarks-20261004/prefill-c32-t14-a1-b512-u512-pf0-20261004T222924Z-646700,thecodacus,27c54b4bbcefadedcec6397477cc2e866c1db716,UD-Q4_K_XL,native-random,t14-b512-u512-PP4096-TG0,,4096,,,0,207.249783,,,,,,False,,,3,PROCESS_PASS_REQUIRES_RESULT_REVIEW,14,99,512,512,q8_0,q8_0,,,mmap,,random-tokens,False
M0365,historical180/benchmarks-20261004/threads-c32-t4-6-8-12-14-16-a1-20261004T213654Z-567469,thecodacus,27c54b4bbcefadedcec6397477cc2e866c1db716,UD-Q4_K_XL,native-random,t4-b2048-u512-PP512-TG0,,512,,,0,164.026014,,,,,,False,,,3,PROCESS_PASS_REQUIRES_RESULT_REVIEW,4,99,2048,512,q8_0,q8_0,,,mmap,,random-tokens,False
M0366,historical180/benchmarks-20261004/threads-c32-t4-6-8-12-14-16-a1-20261004T213654Z-567469,thecodacus,27c54b4bbcefadedcec6397477cc2e866c1db716,UD-Q4_K_XL,native-random,t4-b2048-u512-PP0-TG256,,0,,,256,,18.682604,,,,,False,,,3,PROCESS_PASS_REQUIRES_RESULT_REVIEW,4,99,2048,512,q8_0,q8_0,,,mmap,,random-tokens,False
M0367,historical180/benchmarks-20261004/threads-c32-t4-6-8-12-14-16-a1-20261004T213654Z-567469,thecodacus,27c54b4bbcefadedcec6397477cc2e866c1db716,UD-Q4_K_XL,native-random,t6-b2048-u512-PP512-TG0,,512,,,0,167.812163,,,,,,False,,,3,PROCESS_PASS_REQUIRES_RESULT_REVIEW,6,99,2048,512,q8_0,q8_0,,,mmap,,random-tokens,False
M0368,historical180/benchmarks-20261004/threads-c32-t4-6-8-12-14-16-a1-20261004T213654Z-567469,thecodacus,27c54b4bbcefadedcec6397477cc2e866c1db716,UD-Q4_K_XL,native-random,t6-b2048-u512-PP0-TG256,,0,,,256,,18.832125,,,,,False,,,3,PROCESS_PASS_REQUIRES_RESULT_REVIEW,6,99,2048,512,q8_0,q8_0,,,mmap,,random-tokens,False
M0369,historical180/benchmarks-20261004/threads-c32-t4-6-8-12-14-16-a1-20261004T213654Z-567469,thecodacus,27c54b4bbcefadedcec6397477cc2e866c1db716,UD-Q4_K_XL,native-random,t8-b2048-u512-PP512-TG0,,512,,,0,170.039833,,,,,,False,,,3,PROCESS_PASS_REQUIRES_RESULT_REVIEW,8,99,2048,512,q8_0,q8_0,,,mmap,,random-tokens,False
M0370,historical180/benchmarks-20261004/threads-c32-t4-6-8-12-14-16-a1-20261004T213654Z-567469,thecodacus,27c54b4bbcefadedcec6397477cc2e866c1db716,UD-Q4_K_XL,native-random,t8-b2048-u512-PP0-TG256,,0,,,256,,18.470887,,,,,False,,,3,PROCESS_PASS_REQUIRES_RESULT_REVIEW,8,99,2048,512,q8_0,q8_0,,,mmap,,random-tokens,False
M0371,historical180/benchmarks-20261004/threads-c32-t4-6-8-12-14-16-a1-20261004T213654Z-567469,thecodacus,27c54b4bbcefadedcec6397477cc2e866c1db716,UD-Q4_K_XL,native-random,t12-b2048-u512-PP512-TG0,,512,,,0,171.976209,,,,,,False,,,3,PROCESS_PASS_REQUIRES_RESULT_REVIEW,12,99,2048,512,q8_0,q8_0,,,mmap,,random-tokens,False
M0372,historical180/benchmarks-20261004/threads-c32-t4-6-8-12-14-16-a1-20261004T213654Z-567469,thecodacus,27c54b4bbcefadedcec6397477cc2e866c1db716,UD-Q4_K_XL,native-random,t12-b2048-u512-PP0-TG256,,0,,,256,,19.130292,,,,,False,,,3,PROCESS_PASS_REQUIRES_RESULT_REVIEW,12,99,2048,512,q8_0,q8_0,,,mmap,,random-tokens,False
M0373,historical180/benchmarks-20261004/threads-c32-t4-6-8-12-14-16-a1-20261004T213654Z-567469,thecodacus,27c54b4bbcefadedcec6397477cc2e866c1db716,UD-Q4_K_XL,native-random,t14-b2048-u512-PP512-TG0,,512,,,0,170.447646,,,,,,False,,,3,PROCESS_PASS_REQUIRES_RESULT_REVIEW,14,99,2048,512,q8_0,q8_0,,,mmap,,random-tokens,False
M0374,historical180/benchmarks-20261004/threads-c32-t4-6-8-12-14-16-a1-20261004T213654Z-567469,thecodacus,27c54b4bbcefadedcec6397477cc2e866c1db716,UD-Q4_K_XL,native-random,t14-b2048-u512-PP0-TG256,,0,,,256,,19.267753,,,,,False,,,3,PROCESS_PASS_REQUIRES_RESULT_REVIEW,14,99,2048,512,q8_0,q8_0,,,mmap,,random-tokens,False
M0375,historical180/benchmarks-20261004/threads-c32-t4-6-8-12-14-16-a1-20261004T213654Z-567469,thecodacus,27c54b4bbcefadedcec6397477cc2e866c1db716,UD-Q4_K_XL,native-random,t16-b2048-u512-PP512-TG0,,512,,,0,171.981368,,,,,,False,,,3,PROCESS_PASS_REQUIRES_RESULT_REVIEW,16,99,2048,512,q8_0,q8_0,,,mmap,,random-tokens,False
M0376,historical180/benchmarks-20261004/threads-c32-t4-6-8-12-14-16-a1-20261004T213654Z-567469,thecodacus,27c54b4bbcefadedcec6397477cc2e866c1db716,UD-Q4_K_XL,native-random,t16-b2048-u512-PP0-TG256,,0,,,256,,19.103433,,,,,False,,,3,PROCESS_PASS_REQUIRES_RESULT_REVIEW,16,99,2048,512,q8_0,q8_0,,,mmap,,random-tokens,False
M0377,historical180/benchmarks-pp8192-20261005/pp8192-c48-t14-a0-b8192-u8192-20261005T073938Z-1096850,thecodacus,27c54b4bbcefadedcec6397477cc2e866c1db716,UD-Q4_K_XL,native-random,t14-b8192-u8192-PP8192-TG0,,8192,,,0,573.181187,,,,,,False,,,3,VALIDATED_STOCK_PP8192_REQUIRES_OPERATOR_REVIEW,14,99,8192,8192,q8_0,q8_0,,,mmap,,random-tokens,False
M0378,historical180/benchmarks-speed-20261005/speed-c48-t14-a0-b2048-u2048-nopo0-20261005T064446Z-1028912,thecodacus,27c54b4bbcefadedcec6397477cc2e866c1db716,UD-Q4_K_XL,native-random,t14-b2048-u2048-PP4096-TG0,,4096,,,0,314.15487,,,,,,False,,,3,VALIDATED_STOCK_SCREEN_REQUIRES_OPERATOR_REVIEW,14,99,2048,2048,q8_0,q8_0,,,mmap,,random-tokens,False
M0379,historical180/benchmarks-speed-20261005/speed-c48-t14-a0-b2048-u2048-nopo0-20261005T064446Z-1028912,thecodacus,27c54b4bbcefadedcec6397477cc2e866c1db716,UD-Q4_K_XL,native-random,t14-b2048-u2048-PP0-TG256,,0,,,256,,22.462031,,,,,False,,,3,VALIDATED_STOCK_SCREEN_REQUIRES_OPERATOR_REVIEW,14,99,2048,2048,q8_0,q8_0,,,mmap,,random-tokens,False
M0380,historical180/benchmarks-speed-20261005/speed-c48-t14-a0-b4096-u2048-nopo0-20261005T064617Z-1031775,thecodacus,27c54b4bbcefadedcec6397477cc2e866c1db716,UD-Q4_K_XL,native-random,t14-b4096-u2048-PP4096-TG0,,4096,,,0,468.642409,,,,,,False,,,3,VALIDATED_STOCK_SCREEN_REQUIRES_OPERATOR_REVIEW,14,99,4096,2048,q8_0,q8_0,,,mmap,,random-tokens,False
M0381,historical180/benchmarks-speed-20261005/speed-c48-t14-a0-b4096-u2048-nopo0-20261005T064617Z-1031775,thecodacus,27c54b4bbcefadedcec6397477cc2e866c1db716,UD-Q4_K_XL,native-random,t14-b4096-u2048-PP0-TG256,,0,,,256,,22.912849,,,,,False,,,3,VALIDATED_STOCK_SCREEN_REQUIRES_OPERATOR_REVIEW,14,99,4096,2048,q8_0,q8_0,,,mmap,,random-tokens,False
M0382,historical180/benchmarks-speed-20261005/speed-c48-t14-a0-b4096-u4096-nopo0-20261005T064730Z-1034279,thecodacus,27c54b4bbcefadedcec6397477cc2e866c1db716,UD-Q4_K_XL,native-random,t14-b4096-u4096-PP4096-TG0,,4096,,,0,642.697501,,,,,,False,,,3,VALIDATED_STOCK_SCREEN_REQUIRES_OPERATOR_REVIEW,14,99,4096,4096,q8_0,q8_0,,,mmap,,random-tokens,False
M0383,historical180/benchmarks-speed-20261005/speed-c48-t14-a0-b4096-u4096-nopo0-20261005T064730Z-1034279,thecodacus,27c54b4bbcefadedcec6397477cc2e866c1db716,UD-Q4_K_XL,native-random,t14-b4096-u4096-PP0-TG256,,0,,,256,,22.940814,,,,,False,,,3,VALIDATED_STOCK_SCREEN_REQUIRES_OPERATOR_REVIEW,14,99,4096,4096,q8_0,q8_0,,,mmap,,random-tokens,False
M0384,historical180/benchmarks-speed-20261005/speed-c64-t14-a0-b2048-u2048-nopo0-20261005T064835Z-1036566,thecodacus,27c54b4bbcefadedcec6397477cc2e866c1db716,UD-Q4_K_XL,native-random,t14-b2048-u2048-PP4096-TG0,,4096,,,0,476.872743,,,,,,False,,,3,VALIDATED_STOCK_SCREEN_REQUIRES_OPERATOR_REVIEW,14,99,2048,2048,q8_0,q8_0,,,mmap,,random-tokens,False
M0385,historical180/benchmarks-speed-20261005/speed-c64-t14-a0-b2048-u2048-nopo0-20261005T064835Z-1036566,thecodacus,27c54b4bbcefadedcec6397477cc2e866c1db716,UD-Q4_K_XL,native-random,t14-b2048-u2048-PP0-TG256,,0,,,256,,23.245437,,,,,False,,,3,VALIDATED_STOCK_SCREEN_REQUIRES_OPERATOR_REVIEW,14,99,2048,2048,q8_0,q8_0,,,mmap,,random-tokens,False
M0386,historical180/benchmarks-speed-20261005/speed-c64-t14-a0-b4096-u2048-nopo0-20261005T064948Z-1038971,thecodacus,27c54b4bbcefadedcec6397477cc2e866c1db716,UD-Q4_K_XL,native-random,t14-b4096-u2048-PP4096-TG0,,4096,,,0,475.827864,,,,,,False,,,3,VALIDATED_STOCK_SCREEN_REQUIRES_OPERATOR_REVIEW,14,99,4096,2048,q8_0,q8_0,,,mmap,,random-tokens,False
M0387,historical180/benchmarks-speed-20261005/speed-c64-t14-a0-b4096-u2048-nopo0-20261005T064948Z-1038971,thecodacus,27c54b4bbcefadedcec6397477cc2e866c1db716,UD-Q4_K_XL,native-random,t14-b4096-u2048-PP0-TG256,,0,,,256,,23.239645,,,,,False,,,3,VALIDATED_STOCK_SCREEN_REQUIRES_OPERATOR_REVIEW,14,99,4096,2048,q8_0,q8_0,,,mmap,,random-tokens,False
M0388,historical180/benchmarks-speed-20261005/speed-c64-t14-a0-b4096-u4096-nopo0-20261005T065101Z-1041105,thecodacus,27c54b4bbcefadedcec6397477cc2e866c1db716,UD-Q4_K_XL,native-random,t14-b4096-u4096-PP4096-TG0,,4096,,,0,646.80493,,,,,,False,,,3,VALIDATED_STOCK_SCREEN_REQUIRES_OPERATOR_REVIEW,14,99,4096,4096,q8_0,q8_0,,,mmap,,random-tokens,False
M0389,historical180/benchmarks-speed-20261005/speed-c64-t14-a0-b4096-u4096-nopo0-20261005T065101Z-1041105,thecodacus,27c54b4bbcefadedcec6397477cc2e866c1db716,UD-Q4_K_XL,native-random,t14-b4096-u4096-PP0-TG256,,0,,,256,,23.236342,,,,,False,,,3,VALIDATED_STOCK_SCREEN_REQUIRES_OPERATOR_REVIEW,14,99,4096,4096,q8_0,q8_0,,,mmap,,random-tokens,False
M0390,historical180/benchmarks-speed-20261005/speed-c80-t14-a0-b2048-u2048-nopo0-20261005T065205Z-1042879,thecodacus,27c54b4bbcefadedcec6397477cc2e866c1db716,UD-Q4_K_XL,native-random,t14-b2048-u2048-PP4096-TG0,,4096,,,0,483.607531,,,,,,False,,,3,VALIDATED_STOCK_SCREEN_REQUIRES_OPERATOR_REVIEW,14,99,2048,2048,q8_0,q8_0,,,mmap,,random-tokens,False
M0391,historical180/benchmarks-speed-20261005/speed-c80-t14-a0-b2048-u2048-nopo0-20261005T065205Z-1042879,thecodacus,27c54b4bbcefadedcec6397477cc2e866c1db716,UD-Q4_K_XL,native-random,t14-b2048-u2048-PP0-TG256,,0,,,256,,23.723289,,,,,False,,,3,VALIDATED_STOCK_SCREEN_REQUIRES_OPERATOR_REVIEW,14,99,2048,2048,q8_0,q8_0,,,mmap,,random-tokens,False
M0392,historical180/benchmarks-speed-20261005/speed-c80-t14-a0-b4096-u2048-nopo0-20261005T065318Z-1044457,thecodacus,27c54b4bbcefadedcec6397477cc2e866c1db716,UD-Q4_K_XL,native-random,t14-b4096-u2048-PP4096-TG0,,4096,,,0,485.112907,,,,,,False,,,3,VALIDATED_STOCK_SCREEN_REQUIRES_OPERATOR_REVIEW,14,99,4096,2048,q8_0,q8_0,,,mmap,,random-tokens,False
M0393,historical180/benchmarks-speed-20261005/speed-c80-t14-a0-b4096-u2048-nopo0-20261005T065318Z-1044457,thecodacus,27c54b4bbcefadedcec6397477cc2e866c1db716,UD-Q4_K_XL,native-random,t14-b4096-u2048-PP0-TG256,,0,,,256,,23.631269,,,,,False,,,3,VALIDATED_STOCK_SCREEN_REQUIRES_OPERATOR_REVIEW,14,99,4096,2048,q8_0,q8_0,,,mmap,,random-tokens,False
M0394,historical180/benchmarks-speed-20261005/speed-c80-t14-a0-b4096-u4096-nopo0-20261005T065430Z-1047277,thecodacus,27c54b4bbcefadedcec6397477cc2e866c1db716,UD-Q4_K_XL,native-random,t14-b4096-u4096-PP4096-TG0,,4096,,,0,649.263879,,,,,,False,,,3,VALIDATED_STOCK_SCREEN_REQUIRES_OPERATOR_REVIEW,14,99,4096,4096,q8_0,q8_0,,,mmap,,random-tokens,False
M0395,historical180/benchmarks-speed-20261005/speed-c80-t14-a0-b4096-u4096-nopo0-20261005T065430Z-1047277,thecodacus,27c54b4bbcefadedcec6397477cc2e866c1db716,UD-Q4_K_XL,native-random,t14-b4096-u4096-PP0-TG256,,0,,,256,,23.61403,,,,,False,,,3,VALIDATED_STOCK_SCREEN_REQUIRES_OPERATOR_REVIEW,14,99,4096,4096,q8_0,q8_0,,,mmap,,random-tokens,False
M0396,strata188,Strata,82f46a8c8f475f001ad76d92f58f4a4f8ffb0253,UD-Q4_K_XL,warmup,strata188,262144,65,65,0,56,46.55826946493804,27.2453050501119,1.446992208948359,,3.4550037289736792,,True,stop,-1,1,MAX_CONTEXT_THROUGHPUT_MEASURED_PRODUCTION_RESTORED,,,,,int8,int8,,4,,high,fresh-prompt,
M0397,strata188,Strata,82f46a8c8f475f001ad76d92f58f4a4f8ffb0253,UD-Q4_K_XL,synthetic-speed,strata188,262144,260000,260000,0,512,1230.0384860118604,30.397482708463208,211.67140187695622,,228.4814064099919,,False,length,0,1,MAX_CONTEXT_THROUGHPUT_MEASURED_PRODUCTION_RESTORED,,,,,int8,int8,,4,,high,fresh-prompt,
M0398,strata188,Strata,82f46a8c8f475f001ad76d92f58f4a4f8ffb0253,UD-Q4_K_XL,synthetic-speed,strata188,262144,260000,260000,0,512,1224.690706717193,30.547467901293494,212.61209778301418,,229.32973375206348,,False,length,1,1,MAX_CONTEXT_THROUGHPUT_MEASURED_PRODUCTION_RESTORED,,,,,int8,int8,,4,,high,fresh-prompt,
M0399,strata188,Strata,82f46a8c8f475f001ad76d92f58f4a4f8ffb0253,UD-Q4_K_XL,synthetic-speed,strata188,262144,260000,260000,0,512,1247.3936668863998,29.292963967365807,208.74525400507264,,226.1800853490131,,False,length,2,1,MAX_CONTEXT_THROUGHPUT_MEASURED_PRODUCTION_RESTORED,,,,,int8,int8,,4,,high,fresh-prompt,
M0400,strata188-ram48,Strata,82f46a8c8f475f001ad76d92f58f4a4f8ffb0253,UD-Q4_K_XL,warmup,strata188-ram48,262144,65,65,0,55,9.41224170636702,6.99852394767649,7.045014240080491,,14.767884521046653,,True,stop,-1,1,OWNER_INTERRUPTED,,,,,int8,int8,,4,,high,fresh-prompt,
M0401,strata188-ram48,Strata,82f46a8c8f475f001ad76d92f58f4a4f8ffb0253,UD-Q4_K_XL,synthetic-speed,strata188-ram48,262144,260000,260000,0,512,773.1300437442926,9.300399263233995,336.625337178004,,391.5990299190162,,False,length,0,1,OWNER_INTERRUPTED,,,,,int8,int8,,4,,high,fresh-prompt,
M0402,functional195,llama.cpp upstream,8345f333951c661d166b00e6f9362e553768f292,UD-IQ3_XXS,functional-transport,public Responses long-input keepalive,262144,230100,230100,0,80,1067.78,26.56,,,,,True,completed,,1,PASS_TRANSPORT_NOT_BENCHMARK,14,48,8192,2048,f16,f16,,,,xhigh,,
M0403,functional195,llama.cpp upstream,8345f333951c661d166b00e6f9362e553768f292,UD-IQ3_XXS,functional-transport,stock Codex long-input turn,262144,232796,226582,6214,34,917.53,26.93,,,,,True,completed,,1,PASS_TRANSPORT_NOT_BENCHMARK,14,48,8192,2048,f16,f16,,,,xhigh,,
M0404,functional195,llama.cpp upstream,8345f333951c661d166b00e6f9362e553768f292,UD-IQ3_XXS,functional-transport,stock native compaction,262144,230530,230530,0,216,919.76,26.77,,,,,True,completed,,1,PASS_TRANSPORT_NOT_BENCHMARK,14,48,8192,2048,f16,f16,,,,xhigh,,
M0405,functional195,llama.cpp upstream,8345f333951c661d166b00e6f9362e553768f292,UD-IQ3_XXS,functional-transport,after-compaction file tool call,262144,48886,48886,0,353,862.41,28.46,,,,,True,completed,,1,PASS_TRANSPORT_NOT_BENCHMARK,14,48,8192,2048,f16,f16,,,,xhigh,,
M0406,functional195,llama.cpp upstream,8345f333951c661d166b00e6f9362e553768f292,UD-IQ3_XXS,functional-transport,after-compaction tool result continuation,262144,48981,99,48882,69,101.71,28.99,,,,,True,completed,,1,PASS_TRANSPORT_NOT_BENCHMARK,14,48,8192,2048,f16,f16,,,,xhigh,,
